beam_height,beam_length,fillet_size,beam_width,Total Deformation Reported Frequency,Total Deformation 2 Reported Frequency,Total Deformation 3 Reported Frequency,Total Deformation 4 Reported Frequency,Directional Deformation Maximum,Equivalent Stress Maximum
5.0,10.0,0.1,0.4,114.13182863050739,771.3849914259467,853.9687254460264,1442.2673735513952,0.19167008996009827,6.202844471039917
5.0,11.75,0.1,0.4,94.67142335771322,705.3174174709109,747.709935658961,1224.832118806308,0.27931106090545654,6.214553495350919
5.0,13.5,0.1,0.4,80.9997668447181,652.5963863377024,660.8866266585322,911.0693952788354,0.38261938095092773,6.914835484983799
5.0,15.25,0.1,0.4,71.82336442061816,540.9719084297792,605.7040058678884,609.3218995443405,0.4912077784538269,6.249981860063778
5.0,17.0,0.1,0.4,65.4901288479568,464.91402006085866,532.001819260187,559.0991757491702,0.5925413966178894,6.323738652128059
8.75,10.0,0.1,0.4,154.59581198895822,1086.2882664167257,1123.0358358217986,1449.8629611754022,0.1047125905752182,5.00742542626074
8.75,11.75,0.1,0.4,113.96242144330986,1000.6317355955487,1013.0881271545245,1387.9060838248527,0.19258959591388702,5.020444404759724
8.75,13.5,0.1,0.4,90.01301864726454,899.0041291409891,948.7763657445098,1146.0098126575824,0.3094216585159302,5.439508790491696
8.75,15.25,0.1,0.4,77.72893906826421,803.50037736301,893.6666981979191,897.5544138345178,0.416978657245636,4.981750972685905
8.75,17.0,0.1,0.4,72.86592589329727,719.4088424126445,805.7082113466652,830.4311693965741,0.47406241297721863,5.849252198168492
12.5,10.0,0.1,0.4,159.8980425897331,1232.157452791819,1267.898415862679,1412.0108315822008,0.09791363775730133,4.203292346829018
12.5,11.75,0.1,0.4,149.8651140605043,1110.5894440461022,1189.8563023084305,1374.229167017276,0.11167050153017044,5.203006686563216
12.5,13.5,0.1,0.4,93.99486733786718,1008.8963663822566,1122.4385954796082,1278.4192711856945,0.283203661441803,4.923484350532819
12.5,15.25,0.1,0.4,94.26648856214914,925.2056145123668,1064.6743599822382,1142.2829065959556,0.2826901376247406,5.6823627369440874
12.5,17.0,0.1,0.4,77.7272573760575,843.2286173178046,994.2294640233409,1054.146307062075,0.4153274595737457,4.86343372621527
16.25,10.0,0.1,0.4,181.70113024036365,1263.5361503447764,1364.2450781028635,1379.2195212002325,0.07607001811265945,4.6876453934436935
16.25,11.75,0.1,0.4,138.67650293695124,1153.1607778263524,1300.4498212729543,1335.0598493971702,0.13023588061332703,5.1314792855406
16.25,13.5,0.1,0.4,105.96784133467597,1051.7466479836296,1229.195959772433,1236.6480084401865,0.22323842346668243,4.4288393884643815
16.25,15.25,0.1,0.4,85.23619098854424,978.7114157509974,1172.8358849489825,1199.999194808189,0.3445552587509155,4.591574757538181
16.25,17.0,0.1,0.4,74.25627852494031,895.0396979964821,1026.519890830682,1053.017584370093,0.4552035331726074,6.274077928308547
20.0,10.0,0.1,0.4,227.09234547903463,1260.966016949746,1329.3271665825844,1456.9351668993113,0.048839718103408813,3.9209862364336208
20.0,11.75,0.1,0.4,167.93581461123773,1167.4116647247743,1304.2936855503153,1380.6701812826482,0.08886484801769257,4.347114119469226
20.0,13.5,0.1,0.4,180.07500534813667,1066.6882732188226,1254.2851547319042,1303.1755570666137,0.0778668001294136,3.630416807087021
20.0,15.25,0.1,0.4,107.4526641999776,1002.6946771868334,1221.4049927512644,1249.4689912091962,0.21698220074176788,4.683116781247257
20.0,17.0,0.1,0.4,96.23443735261769,934.7104563433205,1088.8353139845444,1178.383738640931,0.2709280848503113,4.295287772224214
5.0,10.0,0.1,0.5,156.3482081320253,829.5599807174957,914.1922871845103,1538.3910351393124,0.10249144583940506,3.973793379284811
5.0,11.75,0.1,0.5,129.90627140455783,761.4947142890156,802.6744620743362,1320.7223784556825,0.1489793360233307,4.180581519703183
5.0,13.5,0.1,0.5,111.1652181447711,705.891746329843,711.467479002751,988.7734487726827,0.20428062975406647,4.291344937565552
5.0,15.25,0.1,0.5,98.33789662196259,617.3895738479774,655.7766199692071,693.0395666707826,0.26355108618736267,4.369434017161477
5.0,17.0,0.1,0.5,89.49683983035217,536.9601261652653,597.2886078585401,605.1705484222177,0.3192829191684723,4.030351631235265
8.75,10.0,0.1,0.5,188.7972759828377,1173.728194532506,1209.295154916949,1545.2499005143516,0.07042793929576874,3.5320737456718367
8.75,11.75,0.1,0.5,149.69313586481016,1076.9013949223129,1096.0664632783032,1472.3400232861593,0.11204662919044495,3.7421161728744474
8.75,13.5,0.1,0.5,122.4682976899644,968.1389674362899,1028.2676418986784,1213.9817997096409,0.16800418496131897,3.882608414020894
8.75,15.25,0.1,0.5,106.28904070972469,869.1959842171219,969.5895209544046,974.9928657623486,0.22414539754390717,3.668110929672361
8.75,17.0,0.1,0.5,98.71236163444591,779.5293958778673,883.0665979342265,899.4493018035671,0.2598090171813965,4.174696370395206
12.5,10.0,0.1,0.5,196.96655301271096,1332.4625812915006,1375.1358786086344,1497.0492520700022,0.06473416090011597,3.1784856248629203
12.5,11.75,0.1,0.5,174.48636323500455,1202.5921664607345,1292.5707262969468,1457.3496020308025,0.08253822475671768,3.2622484120255155
12.5,13.5,0.1,0.5,125.93151429398716,1088.1776281881678,1218.8153623133355,1333.8457803581973,0.1584295630455017,3.39072948811127
12.5,15.25,0.1,0.5,121.96185143887874,998.9129251688669,1156.2431435080427,1199.464479677634,0.16965152323246002,3.263547853811887
12.5,17.0,0.1,0.5,101.5741940276563,907.9670930563781,1074.6384883638157,1078.5729312471271,0.24428282678127292,3.4210294652467583
16.25,10.0,0.1,0.5,210.94978213178152,1371.6628399931801,1441.26980961868,1501.7739718734613,0.05652685835957527,3.2314286734618434
16.25,11.75,0.1,0.5,170.56860655910413,1248.336102174675,1407.8272599277607,1415.2516892045571,0.08634021133184433,2.8286316055747958
16.25,13.5,0.1,0.5,137.0118032147703,1138.8089518680906,1293.519543503175,1338.0938455221587,0.13409705460071564,3.2017378304637365
16.25,15.25,0.1,0.5,114.79008054113405,1059.6610462787578,1236.6562828525575,1275.5096300253183,0.19078415632247925,3.267239445562744
16.25,17.0,0.1,0.5,101.63944691509195,966.4169030323582,1071.7367330965178,1096.6661655511764,0.24419726431369781,3.4077769346121296
20.0,10.0,0.1,0.5,266.9141159360719,1373.1475745867892,1403.9746037980829,1590.4258236502494,0.0355566032230854,3.688059056204071
20.0,11.75,0.1,0.5,198.59112664484837,1266.7361846581198,1368.6175665486742,1505.2323671399038,0.06378357112407684,2.8273602119929433
20.0,13.5,0.1,0.5,190.83657810280735,1157.6162081879468,1305.4748680989644,1421.9066986656503,0.06942982226610184,2.670781525703775
20.0,15.25,0.1,0.5,132.96307104326365,1087.0148429622006,1264.2494393841964,1360.6111128153511,0.14215098321437836,3.1731395964692886
20.0,17.0,0.1,0.5,115.78658072711855,1009.2528394184175,1110.6311727368743,1275.810287994133,0.1878865659236908,2.8101511949849174
5.0,10.0,0.1,0.6000000000000001,201.52817783833407,878.7017831693225,964.3143227773091,1620.1132119727315,0.061953026801347726,2.815895965813019
5.0,11.75,0.1,0.6000000000000001,166.82455558979464,808.336399741022,847.7465874011406,1439.4359507881775,0.09071987867355347,2.985299739031004
5.0,13.5,0.1,0.6000000000000001,143.62332456361906,751.2967366876784,754.6556094668914,1116.8016663433764,0.12296679615974426,2.9233203540234904
5.0,15.25,0.1,0.6000000000000001,126.92875385770759,666.5690959595382,698.9166644685039,808.8641555065213,0.15894918143749237,3.074733962685802
5.0,17.0,0.1,0.6000000000000001,115.2854564375533,582.9272696270248,643.9032271692397,695.776293556153,0.1933278739452362,3.0579915472690553
8.75,10.0,0.1,0.6000000000000001,231.73036148355914,1246.5412690412925,1279.355087401422,1626.448957579229,0.04696100950241089,2.401303468822468
8.75,11.75,0.1,0.6000000000000001,188.00548117448162,1138.655228808621,1165.380706656895,1541.0319501265458,0.07137176394462585,2.602501125317889
8.75,13.5,0.1,0.6000000000000001,157.064501808457,1025.208116953131,1094.9172551416632,1284.3912291927847,0.10274028778076172,2.84983791419449
8.75,15.25,0.1,0.6000000000000001,137.2676567174616,924.8399229899774,1032.5095886240806,1059.157965537802,0.13510723412036896,2.625214938650997
8.75,17.0,0.1,0.6000000000000001,125.07681667552005,827.2268700912841,943.919721167595,955.6200741546426,0.16275429725646973,2.925347621684099
12.5,10.0,0.1,0.6000000000000001,244.57040758398608,1418.1343093865644,1467.297305339122,1572.9687856686292,0.04218994453549385,2.131424436557236
12.5,11.75,0.1,0.6000000000000001,208.56346181566573,1276.830393479295,1379.2085208610115,1523.4810049998252,0.057994987815618515,2.3363671739171923
12.5,13.5,0.1,0.6000000000000001,162.482229142922,1155.6298572277117,1300.7649582602753,1384.9138061178915,0.09566155076026917,2.4727438916537943
12.5,15.25,0.1,0.6000000000000001,149.71894667343088,1060.2442803288432,1229.4045954911135,1233.395977033541,0.11318773031234741,2.4620233224713735
12.5,17.0,0.1,0.6000000000000001,129.90109173843067,962.3994919926021,1095.244183218721,1142.5190358430934,0.15016362071037292,2.462936766139574
16.25,10.0,0.1,0.6000000000000001,247.96615735594452,1462.5009118526527,1505.0535915760654,1605.5956948759529,0.041077323257923126,1.924144321048858
16.25,11.75,0.1,0.6000000000000001,206.70580081668646,1331.6618025835808,1468.965450772724,1514.2953080715251,0.059017304331064224,2.077160074520846
16.25,13.5,0.1,0.6000000000000001,169.53559945315268,1213.6996595824564,1345.8211075794711,1430.9641092657064,0.08795346319675446,2.3477760426156102
16.25,15.25,0.1,0.6000000000000001,146.2430124929179,1126.2904802859714,1269.5133810797172,1362.0450870936395,0.1181023120880127,2.2633532095344506
16.25,17.0,0.1,0.6000000000000001,129.75290080368487,1027.4533293637248,1094.7439825637873,1166.8153085024117,0.15053464472293854,2.2512713614408586
20.0,10.0,0.1,0.6000000000000001,319.2796330921546,1469.353589462671,1471.3394427576225,1705.7525588318495,0.024996450170874596,2.306351742651431
20.0,11.75,0.1,0.6000000000000001,237.56597826397933,1354.4165362109593,1426.1996793076003,1613.8256551037803,0.04476182907819748,2.081617637030565
20.0,13.5,0.1,0.6000000000000001,212.3181295781988,1237.2105370785462,1358.4848409899053,1523.9018992861759,0.05623984336853027,1.992844625692358
20.0,15.25,0.1,0.6000000000000001,162.62901506313037,1158.2559641671012,1294.7275029735683,1454.5525377469667,0.09543602168560028,2.0846775600136778
20.0,17.0,0.1,0.6000000000000001,142.95768773072632,1071.5826434830453,1129.5841026460716,1357.451312554246,0.12367877364158632,2.171743591601943
5.0,10.0,0.1,0.7000000000000001,249.17197659086435,920.2890354149371,1006.5428003852551,1690.8878004239448,0.04074472934007645,2.1745019452993937
5.0,11.75,0.1,0.7000000000000001,206.73500324805468,849.3673466326649,887.2808160406174,1547.9608963366509,0.05935663729906082,2.2397362751644825
5.0,13.5,0.1,0.7000000000000001,177.83559127239906,790.2635454444294,791.2087643693511,1237.7629484909878,0.08059119433164597,2.3046732078382255
5.0,15.25,0.1,0.7000000000000001,157.22114730272042,702.7875521366765,735.9310683610304,933.1844108600343,0.10406506806612015,2.2040240904711217
5.0,17.0,0.1,0.7000000000000001,142.5027388666771,615.3632040194175,677.6019832261264,802.3319302913768,0.12706942856311798,2.082020588336041
8.75,10.0,0.1,0.7000000000000001,279.92574975335776,1309.7874009632271,1342.171969102764,1699.5012550719377,0.03235210105776787,1.896711538038944
8.75,11.75,0.1,0.7000000000000001,230.4125805701296,1193.8022749700879,1226.4233604756546,1604.3463790665194,0.04776871204376221,1.8673640833379619
8.75,13.5,0.1,0.7000000000000001,194.30882115796413,1076.7192639071866,1153.2492659671211,1408.7363217841216,0.06746771186590195,2.147996060225519
8.75,15.25,0.1,0.7000000000000001,169.2100106385481,973.9305508848176,1087.0006328697887,1158.7826848909006,0.08931569010019302,1.9618854376051076
8.75,17.0,0.1,0.7000000000000001,153.38365762692615,870.8297032500724,1005.3616089802697,1027.217199032709,0.1087777391076088,2.1673314760942892
12.5,10.0,0.1,0.7000000000000001,292.78020390573147,1492.8292094627932,1546.809599178779,1639.9655048829882,0.029606057330965996,1.6748844282242976
12.5,11.75,0.1,0.7000000000000001,247.03417804906005,1342.4952115663468,1454.3517285413527,1582.470069524254,0.04152664169669151,1.8036800206508312
12.5,13.5,0.1,0.7000000000000001,200.9303268771475,1214.6295013617712,1371.666572563467,1433.9969156891107,0.06289317458868027,1.8899984484885013
12.5,15.25,0.1,0.7000000000000001,180.74899840154063,1115.040785932367,1272.5525690459256,1299.9255529710695,0.0780208483338356,2.0139711008048398
12.5,17.0,0.1,0.7000000000000001,158.9224597941758,1010.6222834050127,1110.827808986368,1202.0270675712036,0.10085295885801315,1.8816501476892111
16.25,10.0,0.1,0.7000000000000001,303.11341370604634,1543.2156978974272,1567.8853049941758,1697.4537312889306,0.02766970358788967,1.5380658808497203
16.25,11.75,0.1,0.7000000000000001,249.1283647431705,1403.243807167798,1521.4364747139766,1600.3922210296084,0.040836889296770096,1.7462724498489632
16.25,13.5,0.1,0.7000000000000001,207.14929732006772,1277.7152407335734,1391.491822898835,1511.6577251397327,0.059227682650089264,1.6837341516733
16.25,15.25,0.1,0.7000000000000001,180.19513141191638,1184.8424532136535,1292.3656210568506,1436.8417344666414,0.07824067771434784,1.7156844893435557
16.25,17.0,0.1,0.7000000000000001,159.97833910754352,1082.095568285477,1114.1613363776964,1251.3703280206933,0.09947340935468674,1.8054552536736301
20.0,10.0,0.1,0.7000000000000001,369.27897551578894,1528.2672144823723,1552.2711313790658,1805.3441915130145,0.018810661509633064,1.420937331262086
20.0,11.75,0.1,0.7000000000000001,273.43805758927516,1431.295972992767,1473.768321664466,1709.4776109652014,0.03392878919839859,1.609560339206047
20.0,13.5,0.1,0.7000000000000001,246.4108586327096,1304.4395119294234,1391.6037688375598,1611.1844460289653,0.04196513816714287,1.5043155302565092
20.0,15.25,0.1,0.7000000000000001,193.62607513510187,1219.2311685178192,1321.1501434974864,1535.5961897222908,0.06763726472854614,1.6787904477288447
20.0,17.0,0.1,0.7000000000000001,170.94224630068993,1126.311693595453,1143.5427462552905,1429.0298802971283,0.08688273280858994,1.5244698472488025
5.0,10.0,0.1,0.8,298.81091405344887,956.8097157281699,1043.621848161231,1755.9892588722455,0.028502102941274643,1.7040876112115204
5.0,11.75,0.1,0.8,248.02647147446706,884.8040059647595,921.2867049578743,1634.259869305547,0.04145722836256027,1.64289707767222
5.0,13.5,0.1,0.8,213.40024998778563,821.9904867729009,823.9803165238035,1327.4025778591595,0.05630052834749222,1.7413727514428055
5.0,15.25,0.1,0.8,188.7034128866024,732.9508434617649,768.0172524223444,1065.8396484649375,0.07250780612230301,1.698402497683436
5.0,17.0,0.1,0.8,170.77297356190283,642.3141774404086,707.1659055192822,917.9282510137991,0.088772252202034,1.8271444014568041
8.75,10.0,0.1,0.8,332.49866289494906,1366.0591679576985,1396.8259121456983,1767.9031202980893,0.023086100816726685,1.5150997057035787
8.75,11.75,0.1,0.8,275.74882913010856,1242.4119412760904,1280.1935794226322,1664.9450335070756,0.033559639006853104,1.5141916295181514
8.75,13.5,0.1,0.8,232.24535238594638,1121.0199022059835,1204.3585766459416,1475.2310308128478,0.04748523607850075,1.631343186662866
8.75,15.25,0.1,0.8,203.2916028569861,1016.006045987033,1134.954115408556,1254.5561358814293,0.06219542399048806,1.5430443847503243
8.75,17.0,0.1,0.8,183.4784468727811,908.128196960317,1048.7848142068513,1110.4487941005725,0.07635916769504547,1.6913878521631367
12.5,10.0,0.1,0.8,346.2882895154522,1556.2217095231401,1616.620693047522,1701.290630772775,0.021320968866348267,1.2845049327710174
12.5,11.75,0.1,0.8,289.65183685763793,1400.311739327045,1520.460379595305,1631.207008905539,0.030378170311450958,1.4463128390662694
12.5,13.5,0.1,0.8,239.7666500474293,1266.6714107676933,1433.9381695740979,1476.6386664079932,0.04443427920341492,1.4434938536177442
12.5,15.25,0.1,0.8,214.01317737763026,1162.489096887772,1300.237863742615,1357.8955645421995,0.05598568171262741,1.543812956969548
12.5,17.0,0.1,0.8,189.44017003147584,1052.1172862970793,1124.094071606972,1252.8490168804726,0.07134895026683807,1.377771334021624
16.25,10.0,0.1,0.8,357.783443473859,1615.4409610894998,1625.1858904888286,1779.6729396741107,0.020010510459542274,1.260986658843435
16.25,11.75,0.1,0.8,293.9440213234522,1469.3372518846768,1572.7507759464336,1678.071720102703,0.029497679322957993,1.446026421910797
16.25,13.5,0.1,0.8,246.45643809888264,1335.8452525879975,1437.0272380603928,1582.5605527875061,0.0420687310397625,1.4702138770306679
16.25,15.25,0.1,0.8,215.57002244870586,1239.3658058450696,1331.831336251966,1503.8843980908573,0.05492360517382622,1.5145188779241965
16.25,17.0,0.1,0.8,191.47091688237336,1130.132490054746,1132.4501697177898,1350.2430832362952,0.06974951922893524,1.342476952050371
20.0,10.0,0.1,0.8,408.71870061773825,1578.060352190566,1628.3005427113021,1896.23235698264,0.0154359620064497,1.1627428994361515
20.0,11.75,0.1,0.8,318.72199033439654,1497.5765007963341,1519.74163555742,1793.2160867775867,0.025126509368419647,1.2082982887174631
20.0,13.5,0.1,0.8,277.6125404044643,1365.0852200892741,1424.6904313676625,1689.1683389614932,0.03321945667266846,1.1792973186446962
20.0,15.25,0.1,0.8,228.3295537542045,1274.6650273431387,1347.1988872402303,1608.2139840881005,0.04888729751110077,1.2933238713618256
20.0,17.0,0.1,0.8,201.43073789788093,1154.1975085068325,1176.7362091609234,1492.699109940878,0.06288602948188782,1.2774073801848376
5.0,10.0,0.225,0.4,115.97632140401777,775.7731123856719,859.5689855626979,1444.6839253308947,0.18564695119857788,5.80990423683764
5.0,11.75,0.225,0.4,95.71586719786579,708.930304683035,752.1804027665561,1290.1357811670848,0.27310943603515625,6.0585839904602325
5.0,13.5,0.225,0.4,82.05372874405312,655.1151454214043,662.8938676773223,889.1493689253501,0.3730880916118622,6.327183376168089
5.0,15.25,0.225,0.4,72.49366435825206,562.7552933836226,608.4356531348823,624.3692304614722,0.4814344644546509,6.363052551227346
5.0,17.0,0.225,0.4,66.37254654789196,506.15571833691763,561.8449200109803,575.4409709558093,0.5741437077522278,6.298877476447958
8.75,10.0,0.225,0.4,149.7642783580486,1093.403654944735,1131.6056203680453,1456.6505086046634,0.11151859164237976,4.194276533740507
8.75,11.75,0.225,0.4,109.04626442437322,1002.0699224208636,1016.6450266770139,1377.9181768626536,0.21035289764404297,4.482328393794988
8.75,13.5,0.225,0.4,94.2256956959582,899.8862562632444,952.9835892271818,1091.1751380110752,0.28276219964027405,4.914783603170577
8.75,15.25,0.225,0.4,78.26949812041944,805.9264647848852,896.6871518001619,903.2533084982737,0.4106748104095459,5.166067364891068
8.75,17.0,0.225,0.4,72.91410176012884,687.2890980297427,759.1468479019139,833.9380930910918,0.47437602281570435,5.088013552715617
12.5,10.0,0.225,0.4,187.86951092383552,1238.9566882024506,1274.5071182417337,1420.8664714589192,0.07115229964256287,4.076908697654991
12.5,11.75,0.225,0.4,133.54608255065426,1120.7136767139234,1197.8107711395676,1385.2867977773622,0.14031265676021576,4.727348358278164
12.5,13.5,0.225,0.4,93.79499776061525,1010.7353479950261,1126.7434700817917,1241.4932119995597,0.28472456336021423,4.5940418021904925
12.5,15.25,0.225,0.4,102.89082869588987,929.2172030392264,1070.1383747341038,1173.2920592169949,0.23743978142738342,4.864132840314414
12.5,17.0,0.225,0.4,78.65771300949594,836.0364704329698,925.5805279444921,998.0914985828946,0.40648332238197327,4.823642009337548
16.25,10.0,0.225,0.4,148.19736606511074,1273.1980520119582,1361.3330639340497,1388.2895329257587,0.11388834565877914,3.738134202728204
16.25,11.75,0.225,0.4,141.9703902654531,1163.570540708594,1309.387919192229,1343.7999991274125,0.12423586100339888,4.110708345941304
16.25,13.5,0.225,0.4,110.64465873036725,1059.8036640162702,1236.4960934357357,1238.6498393439963,0.20487019419670105,4.324441947606746
16.25,15.25,0.225,0.4,85.12368906805162,981.4761027218372,1177.4410702844352,1178.2490803636654,0.3456997871398926,5.039523060802675
16.25,17.0,0.225,0.4,76.02728489535637,901.0540424027388,1042.9324867111793,1051.9194997193088,0.4341890811920166,4.637649442992537
20.0,10.0,0.225,0.4,148.93973895461792,1267.20933282193,1313.0120624937351,1464.180849478243,0.11271967738866806,3.46606992173982
20.0,11.75,0.225,0.4,162.95473035003127,1172.3702134156636,1305.8830715196918,1385.5078006575818,0.0944155603647232,4.9873160313265235
20.0,13.5,0.225,0.4,176.03446721442842,1086.649219272648,1282.7542788957214,1317.5340993296072,0.08116155117750168,3.0769408748604725
20.0,15.25,0.225,0.4,105.98182892910663,1006.369385947594,1216.5205272879,1254.0135374945426,0.22307002544403076,4.119983227110453
20.0,17.0,0.225,0.4,96.82173586637231,938.9400275376901,1089.8696290085502,1183.0531140900694,0.26767808198928833,4.522462268213884
5.0,10.0,0.225,0.5,158.6707785698155,833.8143529400164,919.6276601936536,1542.5554514548232,0.09951908886432648,3.8790622956901384
5.0,11.75,0.225,0.5,131.31410491926434,765.3569577054167,807.3148136402102,1378.096231054827,0.14570552110671997,4.034313431293838
5.0,13.5,0.225,0.5,112.4421782825909,708.799100307779,714.0042074843969,980.4758256776188,0.19977308809757233,4.273518191049371
5.0,15.25,0.225,0.5,99.35515051416353,624.6722190727227,659.0265621718268,712.3789783882711,0.2579360604286194,4.179502843271546
5.0,17.0,0.225,0.5,90.57749342898488,547.9434551854207,607.744513513189,628.8958007605526,0.31090936064720154,4.03916342422215
8.75,10.0,0.225,0.5,187.3769703363296,1179.6976569051221,1216.7194394396718,1550.2351992653394,0.07148008793592453,2.8542262336372968
8.75,11.75,0.225,0.5,146.9060399626471,1076.9733718088853,1099.3710414698533,1461.2199889057304,0.11638404428958893,3.316069442582381
8.75,13.5,0.225,0.5,126.79985991783605,969.3874734095579,1031.9895037039691,1190.1908115901729,0.15691159665584564,3.3204615133696462
8.75,15.25,0.225,0.5,107.14315454685611,866.5166547515543,956.5449207044823,971.660361338384,0.22049182653427124,3.330189029620359
8.75,17.0,0.225,0.5,98.43223470401418,756.970554093646,825.4759589584905,901.9823920300433,0.2618684470653534,3.213311361084666
12.5,10.0,0.225,0.5,221.10440933900068,1338.6190808903775,1381.4675465659725,1505.3212473747017,0.051528286188840866,2.728647553339115
12.5,11.75,0.225,0.5,165.1430303506248,1209.3638809334923,1299.3018760050943,1464.1342409736467,0.09203912317752838,3.018145906066786
12.5,13.5,0.225,0.5,129.38146551625778,1091.073011738849,1223.4378411217335,1302.8208105997933,0.15035448968410492,3.0970065265607674
12.5,15.25,0.225,0.5,125.12562600079048,1001.5224688455227,1160.71299834174,1202.8171349345791,0.16125527024269104,3.180259191287678
12.5,17.0,0.225,0.5,103.78889848001747,904.9063680889667,1006.5782806102269,1067.0431447806398,0.23453721404075623,3.2117243726102362
16.25,10.0,0.225,0.5,200.54295638896545,1381.6928475901393,1443.589699242028,1511.2305472636226,0.06248172372579575,2.6060067522070396
16.25,11.75,0.225,0.5,176.13785586933554,1261.000085099801,1418.7055673836614,1425.3724868570218,0.08097995817661285,3.033054911470551
16.25,13.5,0.225,0.5,142.51810484224228,1147.0473590581646,1296.0626257044833,1345.4318818223537,0.1239691898226738,3.2127980250874146
16.25,15.25,0.225,0.5,114.61397399225856,1063.8073234012813,1231.9373342708418,1281.2888276641909,0.1913900077342987,3.1664934079160476
16.25,17.0,0.225,0.5,103.58325105297399,972.8997746188902,1078.9184929356484,1117.2512672752036,0.23494721949100494,2.9219002150505884
20.0,10.0,0.225,0.5,199.7677585034432,1377.9962888276407,1383.656590433851,1596.3488717367757,0.06294083595275879,2.180637043393329
20.0,11.75,0.225,0.5,196.71959276525504,1272.8898706283587,1370.590170101559,1510.6433972525485,0.06502643972635269,3.1717021558783878
20.0,13.5,0.225,0.5,188.23424477081096,1179.2003642706693,1334.3916763388002,1435.7358999993596,0.071135975420475,2.3186530129291816
20.0,15.25,0.225,0.5,130.71643072511955,1091.1829062596132,1260.3830628559351,1364.8557486717518,0.1471136212348938,2.7511704961932404
20.0,17.0,0.225,0.5,116.07094579926465,1014.269609165156,1115.5494882231521,1280.971756732674,0.1867021918296814,3.0061377765162023
5.0,10.0,0.225,0.6000000000000001,204.9380013568414,881.5516156906177,968.962358064818,1624.9178785350814,0.05991024151444435,2.629437780858239
5.0,11.75,0.225,0.6000000000000001,169.38318811936375,812.0829562920586,852.6162803181749,1475.3640543240947,0.08797226846218109,2.8712443568172783
5.0,13.5,0.225,0.6000000000000001,145.13698551121297,753.1366253885107,756.3430708445973,1093.9178810778076,0.12054092437028885,2.945126437397371
5.0,15.25,0.225,0.6000000000000001,128.29797043497769,669.8187070951385,701.1650238167845,832.8744066327616,0.15542639791965485,2.9833665985131677
5.0,17.0,0.225,0.6000000000000001,116.48883120458486,585.583051080222,645.5590004629285,713.9395932377477,0.18915487825870514,2.977039659239319
8.75,10.0,0.225,0.6000000000000001,232.59942800150156,1252.6482691501449,1288.5985543618192,1631.9668256122384,0.046597521752119064,2.15337803522241
8.75,11.75,0.225,0.6000000000000001,187.72721615947998,1141.0788103619993,1168.9082670209248,1533.600069479768,0.07160983234643936,2.354215254573066
8.75,13.5,0.225,0.6000000000000001,161.01046299638756,1028.9064460962209,1098.6227758109833,1313.9250263525257,0.09776154905557632,2.337686520271322
8.75,15.25,0.225,0.6000000000000001,138.17414138733244,926.2851941042908,1034.4083384959606,1056.568475802893,0.1332324743270874,2.4185711171182045
8.75,17.0,0.225,0.6000000000000001,125.79733444129283,821.3786532781209,903.7744368550234,957.6792938517177,0.16119718551635742,2.402423395264899
12.5,10.0,0.225,0.6000000000000001,263.0976463533445,1424.4157707916793,1472.8087116585332,1579.9500933875527,0.036552343517541885,2.1393295507197467
12.5,11.75,0.225,0.6000000000000001,205.35016176876465,1286.784501787549,1386.0573115780821,1529.3199030680928,0.05978628993034363,2.525817143665027
12.5,13.5,0.225,0.6000000000000001,165.02195835257893,1159.6149603043502,1305.1946919078325,1361.7087180335789,0.09286478906869888,2.175363076500513
12.5,15.25,0.225,0.6000000000000001,152.24554715319888,1063.6984817884243,1237.4371152442957,1243.8297717616924,0.10941515862941742,2.2836201861165235
12.5,17.0,0.225,0.6000000000000001,131.15190999830196,963.3284106173681,1088.2523587716967,1096.857767197909,0.14755700528621674,2.3307052831463735
16.25,10.0,0.225,0.6000000000000001,252.87090301156314,1472.9942383720067,1510.244999281167,1615.3507144893072,0.03950982913374901,1.9008619509480935
16.25,11.75,0.225,0.6000000000000001,213.74645810380034,1342.7172485721737,1479.257697939158,1523.8136339969788,0.0552084855735302,2.0608121375338437
16.25,13.5,0.225,0.6000000000000001,176.68469311652035,1219.6178829249561,1348.870795091084,1437.6945275483693,0.08104756474494934,2.1480701960710378
16.25,15.25,0.225,0.6000000000000001,147.73171533185985,1130.465682559445,1260.285896558775,1368.0286774312115,0.11579849570989609,2.4537008300062464
16.25,17.0,0.225,0.6000000000000001,132.15640177025102,1033.00746803447,1097.9400065280597,1171.301094434629,0.1450992375612259,2.269014635117185
20.0,10.0,0.225,0.6000000000000001,256.7260057499392,1447.725970392836,1473.315636422715,1710.5035977190041,0.038334764540195465,1.6436641265841265
20.0,11.75,0.225,0.6000000000000001,229.04429187328066,1359.8115765414057,1425.370782056943,1618.9232595083936,0.0481068380177021,1.966064836323739
20.0,13.5,0.225,0.6000000000000001,214.2490818232325,1256.8469205725812,1383.648795387667,1536.5222686296345,0.055057913064956665,1.7909546162265562
20.0,15.25,0.225,0.6000000000000001,159.9841272341546,1163.5094409990484,1294.0419977704832,1460.1121411895176,0.0986153781414032,2.1623830410454463
20.0,17.0,0.225,0.6000000000000001,144.24726853657486,1076.8320147959837,1130.8246457387238,1362.9618738802085,0.12146472930908203,2.0461524674680747
5.0,10.0,0.225,0.7000000000000001,253.29639416463303,925.1115986417251,1013.1484396321852,1698.1666027512626,0.039433568716049194,1.9270983075063344
5.0,11.75,0.225,0.7000000000000001,209.8385888425036,852.787667284957,891.5535495851877,1570.8462543180203,0.05760587006807327,2.185999830236311
5.0,13.5,0.225,0.7000000000000001,179.72128499990293,793.0760997327329,793.7418185230206,1220.8322991186055,0.07898874580860138,2.2390344534532503
5.0,15.25,0.225,0.7000000000000001,159.00568143825575,705.5220151225087,738.2967410754698,952.6455532158715,0.10168466717004776,2.2304893290313372
5.0,17.0,0.225,0.7000000000000001,143.8493410192049,617.488031636601,679.7106385016424,813.9429450533704,0.12465367466211319,2.0640477791869416
8.75,10.0,0.225,0.7000000000000001,281.2727297983189,1315.8773315163273,1349.9684215686127,1704.5366644883425,0.03204347938299179,1.6513628618475689
8.75,11.75,0.225,0.7000000000000001,230.64718602294977,1195.0152988146488,1229.3294952408537,1598.5793184967397,0.04769564047455788,1.7311740169990184
8.75,13.5,0.225,0.7000000000000001,197.27752862311317,1077.93704812282,1156.0727637475316,1403.5242779943706,0.06549994647502899,1.8143409877917234
8.75,15.25,0.225,0.7000000000000001,170.84674274204104,975.701882648051,1089.0382048824258,1165.527855719218,0.08759909868240356,1.906017398920405
8.75,17.0,0.225,0.7000000000000001,154.55528077998983,870.2076024661354,1005.2984592852952,1006.8893445833369,0.10727633535861969,1.8249758327069654
12.5,10.0,0.225,0.7000000000000001,307.79647592963624,1497.480500762926,1552.1943368164877,1645.6279009220236,0.026851490139961243,1.5407994781847798
12.5,11.75,0.225,0.7000000000000001,245.00843028123822,1348.6420509199725,1459.5253789089259,1584.9011939820894,0.042196158319711685,1.7088426460632664
12.5,13.5,0.225,0.7000000000000001,204.03335039800552,1218.5814751184957,1376.4747552037093,1414.231306662951,0.061096921563148505,1.6023036377352267
12.5,15.25,0.225,0.7000000000000001,183.4632317915573,1117.296044365528,1279.7698872043206,1303.3769920100333,0.07573831081390381,1.7865466006687543
12.5,17.0,0.225,0.7000000000000001,160.78304289162875,1014.4389451176125,1110.5470598919992,1191.0948073006352,0.09862780570983887,1.707490156810996
16.25,10.0,0.225,0.7000000000000001,306.29714843561504,1554.674451849158,1574.8254524070157,1708.0144543704134,0.027105048298835754,1.4063932362412837
16.25,11.75,0.225,0.7000000000000001,255.87074054449792,1416.6809083750209,1537.3967745602683,1611.374821841986,0.03870705887675285,1.665067570883613
16.25,13.5,0.225,0.7000000000000001,211.76764783681298,1286.7982483278076,1403.8668918324126,1519.3324948164873,0.056652553379535675,1.5732796198520742
16.25,15.25,0.225,0.7000000000000001,181.98731417186636,1189.666052554893,1292.5943874218171,1443.1694007357773,0.07668957859277725,1.6949353466815489
16.25,17.0,0.225,0.7000000000000001,162.21160348941325,1086.6237332513986,1116.327085790438,1261.0477163811895,0.09675681591033936,1.6733066838538555
20.0,10.0,0.225,0.7000000000000001,314.48680324044153,1507.9699354762608,1557.5597745695245,1811.5610852685113,0.025723546743392944,1.3153075915966685
20.0,11.75,0.225,0.7000000000000001,272.1050202947672,1434.7333082247906,1474.156496314245,1713.2994028743283,0.034257326275110245,1.4687438865178757
20.0,13.5,0.225,0.7000000000000001,245.1361858977129,1326.6680784267812,1426.7421887673656,1626.0296928939665,0.042210113257169724,1.5414735689348331
20.0,15.25,0.225,0.7000000000000001,191.73607692644183,1224.2964696222182,1319.947141023549,1540.6451926038915,0.06897317618131638,1.622381658870926
20.0,17.0,0.225,0.7000000000000001,173.52682266526134,1132.6577677143014,1146.3098362842052,1435.2961127304636,0.08429194986820221,1.6847941692452535
5.0,10.0,0.225,0.8,302.91318978015687,960.9617185723413,1050.3148253364454,1761.3836172347806,0.027746442705392838,1.5527214959300837
5.0,11.75,0.225,0.8,251.67747138327468,888.7457221126284,925.9998552767897,1642.8324256592564,0.04026741907000542,1.5806810936475548
5.0,13.5,0.225,0.8,215.68063145729852,825.5115480420144,827.6280332037202,1339.8955135519498,0.05511990934610367,1.6389395030527336
5.0,15.25,0.225,0.8,190.8380489937798,736.2193624538686,771.2553465085111,1079.1092511353736,0.07088769972324371,1.8344764222039602
5.0,17.0,0.225,0.8,172.15613251533122,644.3711173919769,709.3003501164015,921.7511254369059,0.08736595511436462,1.6538170386675441
8.75,10.0,0.225,0.8,334.7507864253981,1371.3906738038788,1404.289812216821,1771.4605988647102,0.022786591202020645,1.2464216614992276
8.75,11.75,0.225,0.8,276.6096969018737,1245.0648652085229,1283.2422096098528,1661.561346387266,0.033359453082084656,1.355626606159258
8.75,13.5,0.225,0.8,235.8429156465848,1123.4223158194386,1207.1623633185775,1481.6305848251964,0.04604534059762955,1.3974287604164386
8.75,15.25,0.225,0.8,205.35212362494914,1018.7088985446989,1137.9768643175619,1267.0760888885516,0.060950569808483124,1.4436861545872754
8.75,17.0,0.225,0.8,184.6862726820657,910.0705787623386,1051.7237287709102,1106.5847951095889,0.07542789727449417,1.3907837685641804
12.5,10.0,0.225,0.8,357.3616800743156,1563.4184911207292,1622.7779738013073,1708.961713301772,0.02004890702664852,1.1960373082078546
12.5,11.75,0.225,0.8,290.34506667151834,1407.5757833462812,1526.5465631759648,1637.995358217427,0.03022214025259018,1.309724205942699
12.5,13.5,0.225,0.8,243.762838136421,1272.030705624696,1439.2046105817642,1468.191362412454,0.04302807152271271,1.3541184017579415
12.5,15.25,0.225,0.8,216.89941692350115,1165.936056710662,1317.2168811308995,1361.874608031027,0.0544559583067894,1.3872191138762022
12.5,17.0,0.225,0.8,191.66475508415502,1058.76034391562,1128.8374131641526,1260.1953047777636,0.06971123814582825,1.3558791075258778
16.25,10.0,0.225,0.8,367.7136887559077,1627.1519496119643,1635.0426901837382,1789.7019765739064,0.018965521827340126,1.1290029298185909
16.25,11.75,0.225,0.8,301.41648646375324,1480.1252590472463,1581.652762933299,1687.1205956526783,0.028065616264939308,1.1989800316574593
16.25,13.5,0.225,0.8,252.0070613331433,1344.777431636306,1448.3887326657982,1590.7576940687936,0.04022521153092384,1.251768616213548
16.25,15.25,0.225,0.8,218.09951263764145,1242.302666096879,1327.262753672393,1509.1006422932583,0.053668778389692307,1.3379333575143433
16.25,17.0,0.225,0.8,193.8408366625151,1132.8192357051296,1136.8865248697753,1364.7746021285673,0.06804167479276657,1.3726056221215688
20.0,10.0,0.225,0.8,374.2641172187688,1562.8558789558942,1631.5194637178497,1900.9174830543236,0.018319031223654747,1.0095874735586208
20.0,11.75,0.225,0.8,318.84918835707447,1502.26415272705,1519.9457613065717,1797.8520647494393,0.025107350200414658,1.2169995909373086
20.0,13.5,0.225,0.8,277.40865332243783,1387.4555460648448,1459.0283800256113,1704.458399597163,0.033115848898887634,1.2217501056584386
20.0,15.25,0.225,0.8,226.66306499792972,1280.891045233593,1344.984128210683,1613.47863334611,0.04960531368851662,1.2583018219305413
20.0,17.0,0.225,0.8,203.98083317525433,1159.3459509708225,1182.0393347836205,1498.9670998873232,0.06126868352293969,1.2561195565619436
5.0,10.0,0.35,0.4,120.79860506740872,786.201524051465,872.3062965473456,1455.4877115305512,0.1711457371711731,5.093405038248967
5.0,11.75,0.35,0.4,99.2083506758034,718.0644097354847,762.7057530192809,1344.8997667553417,0.25418317317962646,5.548381070459234
5.0,13.5,0.35,0.4,84.52475903527439,663.0339462581115,671.0152618132793,888.0945053890647,0.3517664968967438,5.77050805805609
5.0,15.25,0.35,0.4,74.77446306221309,571.5270129464137,615.0939966775152,634.1471329317629,0.4526614844799042,5.584147071804253
5.0,17.0,0.35,0.4,68.14372907875116,510.1645448619512,568.2080077426539,575.0641678057086,0.5451259016990662,5.514328883983243
8.75,10.0,0.35,0.4,136.1553942038843,1102.378691757597,1140.7992372207864,1458.7169867965717,0.13477860391139984,4.53511685155788
8.75,11.75,0.35,0.4,113.21905269920141,1012.0689874538155,1024.878321421073,1389.3291562185466,0.19512252509593964,4.503414505556812
8.75,13.5,0.35,0.4,96.55881148367709,915.200453191252,962.9570540650819,1292.2761220856887,0.26858535408973694,4.797765538578999
8.75,15.25,0.35,0.4,92.94002886592209,821.9947623662613,904.539416478018,1016.1617768549571,0.29119712114334106,4.954700927581459
8.75,17.0,0.35,0.4,75.85278659206381,736.6607354365267,840.9144908886196,936.0179707918875,0.4365318715572357,4.71588962500407
12.5,10.0,0.35,0.4,204.6079696859816,1250.2022800105044,1285.3728495323517,1431.993580369388,0.06009161099791527,3.820637599738021
12.5,11.75,0.35,0.4,138.85057889474382,1126.6143898891187,1205.425531908499,1384.4706681135904,0.1298670470714569,3.557616461265822
12.5,13.5,0.35,0.4,99.76038484807944,1019.9953855310097,1135.8799504369908,1240.3473688632596,0.25183603167533875,4.297190991323521
12.5,15.25,0.35,0.4,106.33049085287888,937.7239203143291,1077.5801159217222,1188.3052066987484,0.2222059965133667,4.657200641515574
12.5,17.0,0.35,0.4,80.67036912519166,844.6968323836489,947.3101045604113,1005.2282564047804,0.3864206075668335,4.417534356710895
16.25,10.0,0.35,0.4,218.11929757329932,1281.2461245545078,1384.040409457353,1397.7019356117878,0.05292297527194023,3.1307200050057142
16.25,11.75,0.35,0.4,152.29080912470621,1166.7688559329688,1315.0094475175958,1343.3131556100327,0.10817332565784454,4.806959325496927
16.25,13.5,0.35,0.4,122.778244827267,1062.623246670639,1235.2002785740785,1242.045643625645,0.16667841374874115,4.493528221742965
16.25,15.25,0.35,0.4,89.20297755744446,987.6065005783462,1184.4967938745335,1186.9819327966986,0.3148559033870697,4.436702076288308
16.25,17.0,0.35,0.4,78.22369447716419,902.8968239351644,1028.4062432270146,1052.448429727797,0.41032248735427856,4.435405115020951
20.0,10.0,0.35,0.4,151.93159853485625,1275.083943913625,1316.7980224987448,1473.736095414675,0.10835167020559311,3.4188733525028616
20.0,11.75,0.35,0.4,142.06588495045472,1176.6349678509368,1302.81337199321,1394.0119730249999,0.12399175018072128,4.133073255011268
20.0,13.5,0.35,0.4,142.66876822327222,1089.5671300244992,1278.7709050482254,1323.9393337242968,0.12319522351026535,4.222674641246229
20.0,15.25,0.35,0.4,100.94673973399767,1012.9773623379256,1225.480934364356,1262.033494618197,0.2456567883491516,4.053733335177245
20.0,17.0,0.35,0.4,98.70398860721929,942.2517731241923,1093.3227704194035,1188.3711371140241,0.25738903880119324,3.650617717440264
5.0,10.0,0.35,0.5,164.47118158528136,843.3216383661037,931.4700981277967,1553.17594212093,0.09264738857746124,3.6240751845770807
5.0,11.75,0.35,0.5,135.6438309563823,773.4771156911645,816.8590664893558,1423.2805351607587,0.13653385639190674,3.720245077132646
5.0,13.5,0.35,0.5,115.6733740384575,715.1760678352822,722.6265296812307,994.0003605401884,0.18884125351905823,3.920320856275393
5.0,15.25,0.35,0.5,102.15693366296182,633.4514145780435,666.0935782754731,731.4933546127963,0.24394714832305908,3.8938609115000915
5.0,17.0,0.35,0.5,92.69661084988546,554.1808666049842,613.3917742915834,640.5273696659476,0.2968827784061432,3.753727182286497
8.75,10.0,0.35,0.5,184.78459962576454,1190.0012127639488,1226.3781762840426,1558.9712734374032,0.07347070425748825,2.84668791122764
8.75,11.75,0.35,0.5,152.79918731558766,1086.6284943052356,1107.768353009931,1479.0368069699,0.10754373669624329,3.0441903317460324
8.75,13.5,0.35,0.5,128.5273017501288,983.2383409854548,1041.0663782328263,1322.7973696050767,0.15233413875102997,3.2275363466795204
8.75,15.25,0.35,0.5,119.03760350949428,886.5485770672341,979.5546382086263,1072.5067795020045,0.17840424180030823,3.2674485738343044
8.75,17.0,0.35,0.5,101.839592273785,795.0450911544634,909.2571216091668,1008.8946181465329,0.24332359433174133,3.1157854764872055
12.5,10.0,0.35,0.5,235.42230998838502,1349.6898305462846,1392.2865634421216,1517.5333869069523,0.0455302819609642,2.764075620809283
12.5,11.75,0.35,0.5,170.66342506323662,1214.0371574849707,1305.743379252645,1456.5678203925659,0.08627176284790039,2.8118494353883023
12.5,13.5,0.35,0.5,135.10964542083033,1100.5206818962886,1232.2478943411616,1311.07207489315,0.13794173300266266,2.7575401092177554
12.5,15.25,0.35,0.5,128.09783880456558,1010.6761214984474,1168.400976466531,1225.3612046534527,0.15373940765857697,3.0902261833235323
12.5,17.0,0.35,0.5,106.13679134840912,911.764953394824,1024.249737413934,1070.6669878795612,0.22425560653209686,2.8799028959561435
16.25,10.0,0.35,0.5,263.37173391742283,1388.0919250868396,1463.1447369552377,1518.4294818399223,0.03647942095994949,2.553271103338079
16.25,11.75,0.35,0.5,185.2993307728614,1263.970693812056,1413.868332637953,1430.172343371809,0.07329095900058746,2.914361233993579
16.25,13.5,0.35,0.5,150.66615780910112,1149.5766408756058,1289.9579847624461,1350.5782462966852,0.11112532019615173,2.9962075676351443
16.25,15.25,0.35,0.5,120.05065963457227,1067.8921622038172,1222.2198693703208,1287.2766156179532,0.17466795444488525,3.0339153050941206
16.25,17.0,0.35,0.5,105.29911834919088,975.6045400641736,1079.739713634492,1100.81433668066,0.22748759388923645,3.0198565244258626
20.0,10.0,0.35,0.5,210.35928514883224,1386.5246907867036,1390.7310701220226,1606.2570624639386,0.05680597573518753,2.6561091488838735
20.0,11.75,0.35,0.5,179.1998845642905,1277.6111943440942,1368.8849829102107,1519.0766118443444,0.07817751169204712,2.8728670469574933
20.0,13.5,0.35,0.5,177.95098671944618,1181.2704116529335,1334.4130118725793,1441.8291731525458,0.07953096926212311,2.8656125871848634
20.0,15.25,0.35,0.5,129.367644485647,1097.3002130277307,1268.8567487502191,1373.2356170901473,0.1500893235206604,2.7107209514768966
20.0,17.0,0.35,0.5,126.02365667779614,1017.6703437984282,1119.771790788934,1286.5222273880506,0.15884341299533844,2.7307239859011165
5.0,10.0,0.35,0.6000000000000001,211.35763728459978,889.7429601127183,978.7820742421504,1634.880844191127,0.05635462701320648,2.451005205900699
5.0,11.75,0.35,0.6000000000000001,174.23329922150535,818.3642935796851,860.0796873273365,1513.5868005833267,0.08313632756471634,2.6916577848517647
5.0,13.5,0.35,0.6000000000000001,148.93555161000236,759.0366391922623,762.6394935585652,1118.7393606679616,0.11447170376777649,2.830974998725819
5.0,15.25,0.35,0.6000000000000001,131.44434990811726,676.5722306361317,707.2271993182902,852.1391102970741,0.14807668328285217,2.8724217870246003
5.0,17.0,0.35,0.6000000000000001,119.02623740660107,591.5321480522152,651.239344486748,732.7612640420683,0.1811058670282364,2.8150341423933245
8.75,10.0,0.35,0.6000000000000001,234.60432382245952,1259.378818290919,1294.6946686176677,1638.5277518648454,0.04581078886985779,2.139428510513119
8.75,11.75,0.35,0.6000000000000001,192.7313663528493,1148.513513387382,1176.116478927653,1551.4617450262906,0.06790897250175476,2.134739848740402
8.75,13.5,0.35,0.6000000000000001,163.8793420602631,1038.5251850631148,1105.9671087268605,1394.7339558096635,0.09420605003833771,2.2895986279930436
8.75,15.25,0.35,0.6000000000000001,150.03932310116832,938.2951604864575,1041.0871203433317,1142.359847657543,0.1129804477095604,2.33758983436223
8.75,17.0,0.35,0.6000000000000001,129.64900090167893,840.6505785178844,964.6014004704816,1053.3972873710657,0.15101851522922516,2.215337647626761
12.5,10.0,0.35,0.6000000000000001,275.99721996909244,1432.5154755234778,1480.9653925549426,1588.7569545607232,0.033271193504333496,1.979534841123688
12.5,11.75,0.35,0.6000000000000001,207.3540764861863,1285.6568071003796,1389.595692251912,1522.9557980858287,0.05868024006485939,1.960386131381657
12.5,13.5,0.35,0.6000000000000001,170.53302558724482,1167.6970719225073,1312.4288405830725,1370.9699306799419,0.08699043840169907,2.185325375583301
12.5,15.25,0.35,0.6000000000000001,156.01472011246997,1071.822122146183,1244.0599026596103,1262.9604351977798,0.10411730408668518,2.310821978931799
12.5,17.0,0.35,0.6000000000000001,133.97161568449167,968.1516742084059,1092.8736374439713,1102.9565211504391,0.1414468139410019,2.1460872243703393
16.25,10.0,0.35,0.6000000000000001,301.7136471638898,1478.4147101127287,1529.2117638693207,1620.913118748572,0.02792707085609436,1.9048683635259005
16.25,11.75,0.35,0.6000000000000001,222.87364441835444,1346.2135322020295,1477.2879393977655,1528.2203428696155,0.0508514903485775,2.121351276469595
16.25,13.5,0.35,0.6000000000000001,183.99832119526167,1222.2420494992186,1343.0661097467278,1441.373023267477,0.07485365122556686,2.0969275790774833
16.25,15.25,0.35,0.6000000000000001,151.72136192529314,1135.346702478444,1264.9735087312877,1372.1938986204952,0.1098356544971466,2.157641022607336
16.25,17.0,0.35,0.6000000000000001,134.182149634469,1036.214001140391,1100.3649684947495,1178.6805774425052,0.14078181982040405,2.1207519165804114
20.0,10.0,0.35,0.6000000000000001,263.6984674823607,1455.2681902276179,1481.6942810530672,1720.0982084601433,0.03635129705071449,1.7073775147277164
20.0,11.75,0.35,0.6000000000000001,224.23075112403694,1364.2141810815938,1426.8995146705029,1626.6090255433385,0.05014839768409729,1.8615342209815005
20.0,13.5,0.35,0.6000000000000001,202.39214675785888,1259.8726803172815,1379.0460692052673,1542.2982474442788,0.06164928898215294,1.9150761188664212
20.0,15.25,0.35,0.6000000000000001,159.73739838095338,1167.4003129903313,1298.1106547527258,1465.9310929405135,0.09884803742170334,2.028148723999184
20.0,17.0,0.35,0.6000000000000001,149.7185159084408,1080.5985538567932,1137.0146006031746,1368.3204894681987,0.11275644600391388,2.4296877012805123
5.0,10.0,0.35,0.7000000000000001,259.84628995317183,930.2429697430331,1020.4817401282547,1705.6892814288847,0.0374867245554924,1.860732913172288
5.0,11.75,0.35,0.7000000000000001,214.59780614553873,858.82803405976,898.9213519072732,1596.4158863941768,0.05506453290581703,2.06383153314794
5.0,13.5,0.35,0.7000000000000001,183.77614150579777,797.4370977461198,798.9329476229639,1246.6658387428192,0.07554345577955246,2.0720039239987647
5.0,15.25,0.35,0.7000000000000001,161.87288096774057,711.3349528042623,743.732194009948,980.0486535738937,0.09804262965917587,2.199909453542975
5.0,17.0,0.35,0.7000000000000001,146.32613170134738,622.0767835368018,684.1953812077431,834.8185782273063,0.12038955092430115,1.957152616208653
8.75,10.0,0.35,0.7000000000000001,288.1794075665791,1322.1947863583384,1356.2697456777837,1711.638786211401,0.03055723756551743,1.5697049464731259
8.75,11.75,0.35,0.7000000000000001,237.6322758824552,1202.6777095011212,1236.0464633657805,1613.1976207874948,0.04492020606994629,1.5848311834849274
8.75,13.5,0.35,0.7000000000000001,201.05960837655,1089.175241720909,1163.3712748043622,1466.86808056104,0.06283324211835861,1.7859834445939693
8.75,15.25,0.35,0.7000000000000001,181.04148442252895,983.2286084993912,1094.2438159517635,1225.6233265242315,0.07803787291049957,1.8956055761041481
8.75,17.0,0.35,0.7000000000000001,158.62420927700174,880.8245618442654,1013.5959617154306,1107.6702579203134,0.10139580816030502,1.7794210256159027
12.5,10.0,0.35,0.7000000000000001,317.9845709103934,1505.7335788845949,1559.695371842668,1654.134987018097,0.02518913336098194,1.5062043241307956
12.5,11.75,0.35,0.7000000000000001,250.45305747576117,1352.8067643514637,1465.0962814528668,1582.567153946005,0.04042953625321388,1.568124118437384
12.5,13.5,0.35,0.7000000000000001,211.21779814474263,1225.9680335167748,1382.8403562548856,1424.8652793649217,0.05703895166516304,1.7001002730588022
12.5,15.25,0.35,0.7000000000000001,187.5017900673273,1124.9416199965822,1291.7998391766325,1309.9967558546193,0.07248479127883911,1.7297512084127389
12.5,17.0,0.35,0.7000000000000001,163.71814327410235,1018.6354250820592,1111.5536834481281,1191.561208210645,0.0951739177107811,1.7370018479194864
16.25,10.0,0.35,0.7000000000000001,337.36712079184633,1558.4330332581244,1584.1190267170489,1712.1186131296552,0.02244040183722973,1.4839057028640428
16.25,11.75,0.35,0.7000000000000001,264.2590231532789,1416.9227111590837,1528.8006562480382,1613.040717480521,0.03636369854211807,1.712162573625888
16.25,13.5,0.35,0.7000000000000001,220.31565380797298,1288.287678685222,1396.1789476855813,1522.5726776860995,0.05245789512991905,1.6370167661063408
16.25,15.25,0.35,0.7000000000000001,185.95395067770787,1193.6810408054207,1298.0515207547508,1446.87805060274,0.07349999994039536,1.7250300985571823
16.25,17.0,0.35,0.7000000000000001,164.66705596050235,1090.2639764388723,1118.3313890372515,1266.9403436680652,0.09393104910850525,1.6627175887709909
20.0,10.0,0.35,0.7000000000000001,322.9446931618151,1515.5321134528185,1565.2027797425294,1820.2398829613303,0.024415912106633186,1.2643243868764387
20.0,11.75,0.35,0.7000000000000001,267.2707674618948,1439.9778233592742,1475.4926724933591,1721.478209169691,0.03546905145049095,1.4904589765197174
20.0,13.5,0.35,0.7000000000000001,243.88316778564095,1327.5439233121995,1420.496650349386,1630.0093657037617,0.04268461465835571,1.5573522696820992
20.0,15.25,0.35,0.7000000000000001,194.11908719537956,1229.7101443791319,1323.2645071266807,1547.386681110557,0.0672660544514656,1.5275830690090495
20.0,17.0,0.35,0.7000000000000001,178.13852431725186,1135.4862964178856,1151.1538725121893,1439.8172908348222,0.08001020550727844,1.7369690243298213
5.0,10.0,0.35,0.8,310.9114776999949,967.6553892917284,1059.5850452510253,1772.2235228971622,0.02635432593524456,1.4669413700774567
5.0,11.75,0.35,0.8,257.6795714313876,895.9029596125886,936.0239024046404,1666.4392090042613,0.038351237773895264,1.5609733906323917
5.0,13.5,0.35,0.8,220.15107529389513,832.2807249967055,834.0325844153139,1365.7342719951896,0.052904777228832245,1.617354912082337
5.0,15.25,0.35,0.8,194.6478094069589,742.8302140649632,777.8654676498005,1102.7212615622414,0.06812196969985962,1.6074518038744494
5.0,17.0,0.35,0.8,175.30939260342927,651.1750361924799,716.5225052502127,947.9672410485845,0.08418755978345871,1.581467937794546
8.75,10.0,0.35,0.8,342.0381860037104,1377.8280458176728,1411.6079350900218,1780.8898482851826,0.021835550665855408,1.2414632462935842
8.75,11.75,0.35,0.8,283.72841533401976,1253.770128186222,1290.1047705774342,1678.8343388003607,0.031687211245298386,1.2679957522119005
8.75,13.5,0.35,0.8,240.1819788607131,1134.143078088114,1215.459667545955,1515.6420225820798,0.04429391026496887,1.40654380726707
8.75,15.25,0.35,0.8,214.78153152070655,1026.706933954526,1144.779051020868,1303.4113100269694,0.05570344626903534,1.4761457299135736
8.75,17.0,0.35,0.8,189.54554838356077,919.0303667387858,1059.694055640442,1127.5900743274217,0.07137424498796463,1.4396823756398256
12.5,10.0,0.35,0.8,372.46492398797415,1571.4643551520703,1630.4193429823852,1718.1346665049243,0.01850040629506111,1.2176065560917435
12.5,11.75,0.35,0.8,297.7434159597211,1416.7666708440806,1534.4940381373558,1643.3793541479702,0.02876340225338936,1.217353842823191
12.5,13.5,0.35,0.8,251.42199748188168,1280.1855186308478,1446.6961138047911,1481.6772340483997,0.04045860096812248,1.3276875909302335
12.5,15.25,0.35,0.8,221.41232553753446,1172.6149897843989,1322.568933045717,1369.1978801100463,0.052276454865932465,1.2925573761341065
12.5,17.0,0.35,0.8,195.2877250555355,1063.4909871201796,1131.228092859962,1266.1578020927263,0.06716638803482056,1.3006416418014715
16.25,10.0,0.35,0.8,384.3346626573109,1629.8329205858695,1641.233126035973,1793.6509510868973,0.017410045489668846,1.0628842247858095
16.25,11.75,0.35,0.8,309.2761032766744,1488.4136440454758,1583.5668171036068,1693.9811023872396,0.026687389239668846,1.2667575210767517
16.25,13.5,0.35,0.8,259.43664915468133,1347.4987280084113,1443.5947260273765,1594.5826168745618,0.03802413493394852,1.2833195652393532
16.25,15.25,0.35,0.8,221.68136020521385,1245.894084978312,1325.1662268864864,1513.4356371861068,0.052014198154211044,1.2977859421374562
16.25,17.0,0.35,0.8,197.0940327074172,1138.8709681382852,1141.370777230537,1382.5581439398404,0.06582360714673996,1.3167360711963652
20.0,10.0,0.35,0.8,383.4363088037996,1570.751717646156,1639.5985587318576,1909.8431559362207,0.01746576838195324,1.0048114104278583
20.0,11.75,0.35,0.8,314.74031769185666,1508.852988659575,1522.9612422032624,1806.732457909716,0.02573816291987896,1.2244755271395562
20.0,13.5,0.35,0.8,282.91064848618,1390.0835852921998,1458.3698265000598,1709.3198921291012,0.03188839182257652,1.1777733350535307
20.0,15.25,0.35,0.8,229.23014038465425,1283.8688376114794,1347.120348401912,1618.776460476937,0.0484926700592041,1.2417319379142608
20.0,17.0,0.35,0.8,208.933800165887,1165.1314440272834,1186.191606667491,1505.081144233589,0.058389075100421906,1.390635399580715
5.0,10.0,0.475,0.4,123.33949786834901,791.860015986726,879.6296040623263,1463.426798191777,0.16417886316776276,5.1611776140848695
5.0,11.75,0.475,0.4,101.28616204540467,724.2480354174187,768.6408853441333,1310.397234457841,0.2439950406551361,5.392094957025798
5.0,13.5,0.475,0.4,85.85759772933888,667.3756155633005,677.0027412009922,912.9883304175497,0.3408624529838562,5.840227079778044
5.0,15.25,0.475,0.4,75.40346118898866,544.1981980131358,618.9841164953056,621.1808162008839,0.44635850191116333,5.615741665495418
5.0,17.0,0.475,0.4,68.82916891352333,505.12062416671785,561.6431991391264,571.562907176974,0.5351637601852417,5.600563542657049
8.75,10.0,0.475,0.4,136.78518483898566,1109.4188723011378,1148.6061821579565,1462.2242195856793,0.13355273008346558,4.020956252596115
8.75,11.75,0.475,0.4,114.06868866899387,1022.1509849974062,1033.9878869802276,1404.8692980476894,0.19215670228004456,4.5909527516099695
8.75,13.5,0.475,0.4,96.2787831570521,919.031957453007,967.7990009483832,1292.4671160526095,0.270099937915802,4.901951575496246
8.75,15.25,0.475,0.4,92.88507289592305,826.1669765470966,910.1712597851495,996.993898137578,0.2916349172592163,4.7151302893519675
8.75,17.0,0.475,0.4,76.42019440289899,740.2553279282741,844.9595462001611,949.3478828886991,0.4300292730331421,4.591843803754866
12.5,10.0,0.475,0.4,149.31342473742123,1255.7777244659171,1292.132331831617,1422.2199090045792,0.11216650903224945,3.9785480007549885
12.5,11.75,0.475,0.4,153.7404327260091,1130.4302552787885,1211.7353470250387,1388.0563710696765,0.10611379891633987,3.3927759508615796
12.5,13.5,0.475,0.4,99.27882584849732,1024.3728989042565,1140.93110756423,1247.4859896000985,0.25422781705856323,4.505998946839647
12.5,15.25,0.475,0.4,85.78428903403396,940.3667402460046,1082.1250788742668,1176.5530379347322,0.3405649662017822,4.634804469951371
12.5,17.0,0.475,0.4,82.13199222461081,850.3363943025325,966.951799022437,1009.4188536345778,0.3727162778377533,4.54331344676939
16.25,10.0,0.475,0.4,156.7826402420686,1286.8561137611614,1369.171594956078,1404.6703446333872,0.10182102024555206,3.886418468507168
16.25,11.75,0.475,0.4,143.9994341979828,1171.1342915289351,1320.700026951079,1338.785766062313,0.12084267288446426,3.6137082504991276
16.25,13.5,0.475,0.4,113.96719639468657,1066.6225985039841,1237.9061057693752,1247.693291547851,0.19319593906402588,4.51667660800886
16.25,15.25,0.475,0.4,122.00811189666672,990.4330418431953,1188.3237022762537,1189.6321898962549,0.16907058656215668,3.4197170529240655
16.25,17.0,0.475,0.4,78.09979957434439,909.1791099791527,1052.393164055929,1062.4446613778764,0.4114856421947479,4.297876981581982
20.0,10.0,0.475,0.4,204.478147272193,1284.0647427769036,1332.7210866272508,1481.5754125265853,0.06017105653882027,3.3816563393741217
20.0,11.75,0.475,0.4,126.41649693327163,1181.6209958696932,1301.7493065083854,1401.1191586627401,0.15637558698654175,4.297850988173196
20.0,13.5,0.475,0.4,147.8414418209438,1093.3394368544507,1280.1675751216223,1329.4478179706857,0.1147918701171875,3.4177235124563228
20.0,15.25,0.475,0.4,137.9470737410713,1017.4563438814698,1230.9454380074208,1266.864941437995,0.13199032843112946,3.387324367251234
20.0,17.0,0.475,0.4,103.03069558166554,945.9701624613714,1098.0568347904875,1193.4299487345872,0.2362539917230606,4.097871650076013
5.0,10.0,0.475,0.5,168.315900370776,849.9300312970838,939.8234468015496,1561.3833977176894,0.08848242461681366,3.452752065085464
5.0,11.75,0.475,0.5,137.98507963649232,779.156290280012,822.3276680610331,1420.980539488693,0.1319887787103653,3.7078122258382353
5.0,13.5,0.475,0.5,117.4276152476005,721.0012360631722,727.8335955091509,1025.2698639059797,0.1831536740064621,4.046949170368376
5.0,15.25,0.475,0.5,103.1263949721911,630.7263885281291,669.9919517969804,707.1419531855324,0.23990510404109955,3.9793666985140392
5.0,17.0,0.475,0.5,93.81382346630372,559.4253583345783,618.0057645620849,653.0977133560419,0.2897360324859619,3.6525424287635357
8.75,10.0,0.475,0.5,185.95320951198775,1196.084463244173,1233.2485470472434,1562.3173760875425,0.07256273925304413,2.7475931384713363
8.75,11.75,0.475,0.5,154.2440981422875,1099.082052643601,1115.966398028543,1492.259375781177,0.10549863427877426,3.079377054735571
8.75,13.5,0.475,0.5,130.63093402539909,987.349559106864,1046.4485913766705,1359.0051739394016,0.14737468957901,3.210332061472147
8.75,15.25,0.475,0.5,120.7772777057849,887.9224202121362,984.3070707376614,1037.9097880169315,0.17353181540966034,3.120846728334783
8.75,17.0,0.475,0.5,102.77426757873268,799.5534719512709,914.1516381973626,1017.5196616044527,0.23890642821788788,3.019245665473446
12.5,10.0,0.475,0.5,201.47039220917904,1357.9353455484932,1400.260315266334,1511.2491858009785,0.06189156696200371,2.6073881568063104
12.5,11.75,0.475,0.5,184.30831539974645,1218.4963476595412,1312.389177731589,1462.2612883351262,0.07409225404262543,2.466802027164776
12.5,13.5,0.475,0.5,135.4519108597782,1105.2965536449676,1237.6159785020723,1314.427809096581,0.13722194731235504,2.921690013986979
12.5,15.25,0.475,0.5,117.58455324677975,1014.1514909809234,1173.4079098600178,1221.6124290028574,0.18216027319431305,2.963050772701823
12.5,17.0,0.475,0.5,107.94143247126651,917.1379264877928,1039.558984546151,1073.9304962395522,0.21679972112178802,3.105414624727536
16.25,10.0,0.475,0.5,207.67681169159673,1395.8432666117146,1447.8745076061307,1527.0864617267146,0.058302465826272964,2.551906439587755
16.25,11.75,0.475,0.5,180.79488830482595,1269.1959628665256,1412.6613673030045,1436.8636053102214,0.07694298028945923,2.5717400999732103
16.25,13.5,0.475,0.5,145.64444609027248,1154.1770415203637,1299.4516719899073,1356.4164590406886,0.11876943707466125,2.829411226457631
16.25,15.25,0.475,0.5,144.0460296605612,1070.4327873468787,1222.4447940600737,1291.8695866190767,0.12177900969982147,2.635719313410778
16.25,17.0,0.475,0.5,107.26560422697048,981.95616207909,1084.3949302058575,1122.5011216569046,0.2191973477602005,2.8318970687674874
20.0,10.0,0.475,0.5,253.20780969994084,1396.3061302129668,1404.4339714394532,1614.7382254369006,0.039384324103593826,2.2789859342173813
20.0,11.75,0.475,0.5,168.45502632559746,1284.4043043096635,1370.4342534447178,1527.7937531154591,0.08836949616670609,2.7374954721983453
20.0,13.5,0.475,0.5,174.0810683692447,1185.9869331652483,1336.2926988091237,1448.226951950276,0.08303633332252502,2.2479151078731308
20.0,15.25,0.475,0.5,157.02852578052975,1101.1981516837352,1272.031341695611,1377.2822808135681,0.1021806076169014,2.5914263360774967
20.0,17.0,0.475,0.5,128.04850463940923,1022.1183434804555,1124.5692456722948,1292.1221219488375,0.15353260934352875,2.7393669592169196
5.0,10.0,0.475,0.6000000000000001,216.05066640358186,897.8272815556379,989.4025407513053,1644.5280919422416,0.05394890531897545,2.4383865867048553
5.0,11.75,0.475,0.6000000000000001,177.3593289280123,825.2952428849266,866.9702390371405,1526.3556623684028,0.08024551719427109,2.5643445640539633
5.0,13.5,0.475,0.6000000000000001,151.13897849449054,765.7572873482078,770.2643015485389,1150.1190380023634,0.11110875010490417,2.8206471481929474
5.0,15.25,0.475,0.6000000000000001,132.77099486889762,680.4151344483786,712.4669604040654,835.5875622831952,0.14534029364585876,2.86249550222184
5.0,17.0,0.475,0.6000000000000001,120.3327046594552,597.0782262910155,656.4236809455365,753.490813525231,0.1770353466272354,2.6481706336590336
8.75,10.0,0.475,0.6000000000000001,237.72612001991308,1268.197121820001,1304.469179994911,1645.3985987439469,0.044625941663980484,1.9862049106430943
8.75,11.75,0.475,0.6000000000000001,196.45395199261347,1161.5834261338614,1185.6809951606826,1572.342817205997,0.06530638039112091,2.096125453301469
8.75,13.5,0.475,0.6000000000000001,166.99849452493225,1045.1042489374408,1112.635147714018,1412.4809940873697,0.09066037088632584,2.307047171009221
8.75,15.25,0.475,0.6000000000000001,152.0566875707478,942.5404284401826,1047.5242916321906,1129.6556651185422,0.11010032147169113,2.289110749112086
8.75,17.0,0.475,0.6000000000000001,130.72199968647962,846.2117889928364,971.0305619827717,1075.2779262868135,0.14848364889621735,2.2374775524555424
12.5,10.0,0.475,0.6000000000000001,252.6691159058877,1442.1125745381664,1490.5815186040816,1587.7153229321586,0.03956744819879532,1.81197007078672
12.5,11.75,0.475,0.6000000000000001,220.37938518833352,1294.62270815372,1398.5909274195847,1531.898869566247,0.05202271044254303,1.8974015280291863
12.5,13.5,0.475,0.6000000000000001,173.84867616187324,1175.095062201883,1320.2061193525951,1376.3689344831728,0.08371499925851822,2.024654011214336
12.5,15.25,0.475,0.6000000000000001,150.54686121448228,1075.2607343529967,1250.0521540514987,1252.1615645068307,0.11176856607198715,2.1170763388425127
12.5,17.0,0.475,0.6000000000000001,136.1912099594026,975.194211483573,1097.4891292140326,1129.2703321486943,0.1368187516927719,2.1862461694812074
16.25,10.0,0.475,0.6000000000000001,261.79177778474553,1488.1271216296477,1518.9073218506867,1631.6565731677217,0.036898136138916016,1.7238561038716878
16.25,11.75,0.475,0.6000000000000001,221.5618629333488,1351.6957600492437,1477.2819031420704,1535.52806237671,0.05145232379436493,1.9692485779514588
16.25,13.5,0.475,0.6000000000000001,181.46643473819762,1228.6867114563177,1352.0981101839564,1448.8359756763869,0.0768798440694809,2.038665096593327
16.25,15.25,0.475,0.6000000000000001,170.3052103726518,1138.6552258242214,1256.2299393014655,1378.0920369824578,0.08749214559793472,2.035585010092692
16.25,17.0,0.475,0.6000000000000001,138.7126733112623,1044.0703922043988,1105.4167194969878,1207.6918377333832,0.13174079358577728,2.0576303017046498
20.0,10.0,0.475,0.6000000000000001,301.5164165930607,1469.4535385119564,1492.7281645046228,1729.424269376968,0.02796223759651184,1.8362837170881299
20.0,11.75,0.475,0.6000000000000001,213.06325264144445,1369.4511600535686,1426.53535096799,1633.9909337006582,0.055492792278528214,1.9614097967326587
20.0,13.5,0.475,0.6000000000000001,218.32478742234366,1265.2442191123355,1385.770520831061,1549.3912015938274,0.053083233535289764,1.8965887135791002
20.0,15.25,0.475,0.6000000000000001,182.77013408176728,1172.1929297073668,1303.2311255355594,1471.3260978191806,0.07571125775575638,1.9189786928809294
20.0,17.0,0.475,0.6000000000000001,153.76890075564597,1085.859654064519,1143.294509448412,1375.1564356851418,0.10687124729156494,2.1335642169886353
5.0,10.0,0.475,0.7000000000000001,266.11790484409147,938.9159568440878,1030.8774322467839,1715.7170214093305,0.03576498478651047,1.8680590434717645
5.0,11.75,0.475,0.7000000000000001,219.11860534033852,866.0580188904958,905.9233585394588,1603.738397223565,0.052844785153865814,1.9747369471509657
5.0,13.5,0.475,0.7000000000000001,186.72679398360637,804.5016929019308,806.5530699980688,1273.400666616638,0.07316149771213531,2.072600993291582
5.0,15.25,0.475,0.7000000000000001,164.37138027881278,716.761422529079,749.8638189728362,972.3828242071799,0.09520509839057922,2.0349940905529196
5.0,17.0,0.475,0.7000000000000001,148.6022718101283,628.4335047469876,690.61913078392,861.1172430876904,0.11661788821220398,2.024969735779711
8.75,10.0,0.475,0.7000000000000001,292.8190692860056,1332.2138162944987,1368.056758344262,1721.7303305812954,0.029596824198961258,1.4993542795467758
8.75,11.75,0.475,0.7000000000000001,241.8243350032359,1215.9802036591961,1245.8423539981738,1637.6470765184647,0.043327976018190384,1.6001071545956882
8.75,13.5,0.475,0.7000000000000001,204.56224835664133,1094.9945183452148,1170.3874417052216,1468.134108594682,0.06075526401400566,1.7586103212475752
8.75,15.25,0.475,0.7000000000000001,184.3094875830835,990.8733248371925,1102.791206293673,1237.8830842293835,0.07532067596912384,1.7324303538854904
8.75,17.0,0.475,0.7000000000000001,160.6578640090253,887.1302468466233,1020.9210512016713,1112.1502952922156,0.09882450103759766,1.972146712525683
12.5,10.0,0.475,0.7000000000000001,308.637935161547,1515.8831308420542,1569.507493353518,1656.751255108028,0.026697052642703056,1.381273623714395
12.5,11.75,0.475,0.7000000000000001,260.9030823795939,1360.1463589796595,1473.179543267593,1593.579527208505,0.03729330748319626,1.504547822280714
12.5,13.5,0.475,0.7000000000000001,214.08039834332098,1233.32527698746,1390.6914820596203,1430.8398185610508,0.05552820488810539,1.618582762815579
12.5,15.25,0.475,0.7000000000000001,185.50112965036706,1130.294099769418,1288.1530353071246,1316.7439160302542,0.07403267174959183,1.6090503770162
12.5,17.0,0.475,0.7000000000000001,166.54842919496204,1025.3234255009288,1115.9911432544945,1219.9381925669366,0.0919308066368103,1.6264029487397627
16.25,10.0,0.475,0.7000000000000001,320.0646977153349,1569.2773726596897,1584.1491959396478,1723.3041436219437,0.024865567684173584,1.3360380839611472
16.25,11.75,0.475,0.7000000000000001,265.5729977903735,1422.4162243119988,1530.835348354817,1621.0532710007758,0.036003340035676956,1.5189177859846996
16.25,13.5,0.475,0.7000000000000001,220.96699429036775,1294.7190999872428,1402.6574915183096,1530.3310338748752,0.052128177136182785,1.5720011727832732
16.25,15.25,0.475,0.7000000000000001,200.8212174892922,1198.6841927116984,1289.6764748191083,1453.0928247968475,0.06319920718669891,1.7269582577131033
16.25,17.0,0.475,0.7000000000000001,169.63062011285544,1097.7731996381967,1125.1699219538732,1304.9372245714446,0.08849195390939713,1.546403636507866
20.0,10.0,0.475,0.7000000000000001,356.22598269533495,1529.6699903479102,1577.1324096945987,1830.7968570423914,0.020165367051959038,1.2756772684277868
20.0,11.75,0.475,0.7000000000000001,260.7076290716151,1445.833379635306,1477.5380196633405,1729.0632862748405,0.037253327667713165,1.4328393988772234
20.0,13.5,0.475,0.7000000000000001,243.23966682624265,1334.3323359025117,1424.851908798187,1637.6888429315447,0.042877327650785446,1.299824589489535
20.0,15.25,0.475,0.7000000000000001,214.92968387576505,1232.631934423918,1325.617723047208,1551.5599125275896,0.05503612756729126,1.4588908319064124
20.0,17.0,0.475,0.7000000000000001,182.8201569485659,1141.9890874223797,1159.033333502589,1447.6654156197076,0.07593335956335068,1.4395498411828709
5.0,10.0,0.475,0.8,318.18108609991447,975.1958799691688,1068.3044337268975,1781.7781861652675,0.025189649313688278,1.4988636929853276
5.0,11.75,0.475,0.8,262.4160331074713,903.1844377807204,943.4005779726036,1673.3999783206145,0.0370008759200573,1.5472536828862065
5.0,13.5,0.475,0.8,223.8513364727285,837.5494280363192,838.537283723524,1394.592380507991,0.05115842819213867,1.6168821896656667
5.0,15.25,0.475,0.8,197.2237517454734,747.7520798984447,783.1445948578837,1106.5578089309083,0.06639605015516281,1.5537544809020392
5.0,17.0,0.475,0.8,177.81701810043248,656.0876777219041,721.5315782716774,972.3875186803286,0.08176089078187943,1.5981616099345253
8.75,10.0,0.475,0.8,349.0649543693757,1386.0806241179598,1421.0271594541962,1787.0843192642649,0.020995471626520157,1.2034760718571664
8.75,11.75,0.475,0.8,287.92893177227864,1269.6190088135497,1301.1929221359921,1701.3703241363266,0.03072926215827465,1.2667353301175934
8.75,13.5,0.475,0.8,245.0905271226525,1138.1728262271538,1220.8121702037681,1517.9112237950026,0.04258007928729057,1.3886195981078935
8.75,15.25,0.475,0.8,218.6721018469266,1031.722186520082,1150.5148495309697,1301.9176754330986,0.053786955773830414,1.426575599301594
8.75,17.0,0.475,0.8,191.67841444537,924.6775520541917,1066.2408485907379,1128.8456971461821,0.06978990137577057,1.3343743086803153
12.5,10.0,0.475,0.8,364.92552837961216,1580.4047888145285,1638.9306265303694,1720.0933095127095,0.01924615353345871,1.0921242011502161
12.5,11.75,0.475,0.8,305.8210055343513,1424.1327361665249,1542.2626387364899,1647.013371132227,0.027296971529722214,1.1701545430265194
12.5,13.5,0.475,0.8,255.91719267831098,1286.3273817553343,1452.5047285325018,1484.5173706098408,0.039072487503290176,1.2293773857447032
12.5,15.25,0.475,0.8,222.12054571967525,1178.310907337999,1323.2858773969315,1374.9654152032417,0.05191844329237938,1.3278197452852394
12.5,17.0,0.475,0.8,197.86389227189326,1068.9285367229104,1135.114799833815,1272.4471469875953,0.06543327122926712,1.2562399095614745
16.25,10.0,0.475,0.8,378.4533508535271,1640.2376648782295,1644.692420967604,1804.061927400668,0.01792740449309349,1.061119966630296
16.25,11.75,0.475,0.8,313.072473926456,1494.787447871587,1588.668628946047,1702.1347116365564,0.026055505499243736,1.1723939692130294
16.25,13.5,0.475,0.8,261.2580695691605,1353.2704746281888,1449.0028128594874,1601.2132517018715,0.03749299794435501,1.2143220095034002
16.25,15.25,0.475,0.8,235.5011883238345,1252.2773541838837,1322.5161406986535,1520.0970922171678,0.04620327427983284,1.1899591995034209
16.25,17.0,0.475,0.8,202.7648153347024,1144.9280747031587,1147.3523263880606,1407.1552585974616,0.06221066415309905,1.1925957739753283
20.0,10.0,0.475,0.8,417.64179918437105,1588.5314760017568,1650.6338628979352,1919.5491785204752,0.014800683595240116,1.0047865288409052
20.0,11.75,0.475,0.8,311.2019069240473,1514.5327763992946,1525.4712973534572,1814.0921478189737,0.02630874700844288,1.1028026151478822
20.0,13.5,0.475,0.8,282.44162992519324,1396.3394644149116,1461.947692923809,1716.3561193537525,0.03196362033486366,1.0684264860983095
20.0,15.25,0.475,0.8,247.4927909043638,1287.9389410784484,1349.1225284484833,1623.5634984035198,0.04171452671289444,1.1602211949314656
20.0,17.0,0.475,0.8,215.24991535779165,1173.3560393348514,1191.8723195188543,1511.8116334805406,0.05502462014555931,1.1624907525601236
5.0,10.0,0.6,0.4,131.1973566343778,801.6095535345381,891.5561017546082,1474.6631866437112,0.1451454758644104,4.500442925523263
5.0,11.75,0.6,0.4,106.21413643608138,733.0804288166898,779.0125966465133,1375.9944413214928,0.22185258567333221,5.0115613135910015
5.0,13.5,0.6,0.4,89.69502944376215,675.8775145762175,686.2598050596184,986.2346258330053,0.31212183833122253,5.242741534350783
5.0,15.25,0.6,0.4,78.48159019644908,581.5457139168102,627.0626989743829,645.1204224034867,0.4113396406173706,5.316721960721586
5.0,17.0,0.6,0.4,70.95723483341557,513.9229642372668,572.2832962753901,578.295492776522,0.5035917162895203,5.261537694966389
8.75,10.0,0.6,0.4,150.54015774928385,1123.5032896959276,1164.8102839004387,1478.0764728919464,0.11036255210638046,3.9493783548404404
8.75,11.75,0.6,0.4,118.122976483388,1031.3015099140325,1042.6834835406542,1409.8529116203235,0.17923779785633087,4.448634059974501
8.75,13.5,0.6,0.4,105.62765836480462,930.60086393659,977.6975985358762,1315.0110418971014,0.2244756668806076,4.3027677204995
8.75,15.25,0.6,0.4,87.83413718866252,826.923603705291,918.0186789822772,932.963198820961,0.32613837718963623,4.417638289032256
8.75,17.0,0.6,0.4,86.56281925418548,750.2857498354479,854.4770596005995,969.9716189831711,0.33572325110435486,4.508247420616695
12.5,10.0,0.6,0.4,183.2896729224613,1270.801379574718,1306.2760657410727,1436.3426054661425,0.074748694896698,3.7656396667085956
12.5,11.75,0.6,0.4,143.03712129543882,1140.4636726408237,1221.872556459946,1384.8590168147505,0.12247276306152344,3.91956173875972
12.5,13.5,0.6,0.4,101.14344855988467,1034.375650897844,1151.3715364921534,1260.1230611274461,0.2448796182870865,4.074435569626042
12.5,15.25,0.6,0.4,104.2635050046854,948.5855242606135,1092.4036411509712,1173.0079739358148,0.23120859265327454,4.150051898788549
12.5,17.0,0.6,0.4,110.59544994984627,862.2105918333705,1019.8718982738748,1021.9261928995979,0.20649102330207825,3.2688274536790876
16.25,10.0,0.6,0.4,157.6056637420793,1300.5887153828783,1376.1005426826505,1418.4320217614495,0.10074254870414734,3.5476339140387094
16.25,11.75,0.6,0.4,182.15932637442657,1177.5320003412712,1330.5133714970364,1347.3417737095863,0.07593028992414474,3.728724230710339
16.25,13.5,0.6,0.4,118.08326661271786,1077.5620206149122,1257.5117738113022,1259.6903709492751,0.17989328503608704,4.1225310441731375
16.25,15.25,0.6,0.4,126.38905985319188,994.7106726281872,1166.0332487367225,1196.13270436992,0.15804487466812134,3.273380859358115
16.25,17.0,0.6,0.4,81.4754985692944,922.0430461170724,1067.6152488771731,1123.1126295439312,0.3778420686721802,3.996634486687454
20.0,10.0,0.6,0.4,305.677081985551,1298.8858575860638,1373.840540292091,1497.3275212152937,0.027221765369176865,2.1322073433759927
20.0,11.75,0.6,0.4,136.49109013593855,1189.9072651165857,1307.993094568242,1412.2869794856274,0.13422490656375885,3.570750000219381
20.0,13.5,0.6,0.4,150.82678564855473,1102.053768981296,1287.6944633609594,1339.9953266692844,0.11022218316793442,3.522913545419146
20.0,15.25,0.6,0.4,122.22705483705734,1022.5619055104632,1230.185100075388,1274.8881836355458,0.16785828769207,3.3859749588363646
20.0,17.0,0.6,0.4,115.07359047191065,952.8608821389636,1103.6081304336153,1202.0898803633984,0.19023266434669495,3.572521864115549
5.0,10.0,0.6,0.5,176.82384017032848,858.4177979649364,950.3563370211443,1572.3584536381147,0.08022390305995941,2.977070193909171
5.0,11.75,0.6,0.5,143.96023844992015,786.769185592872,831.4729732247322,1468.4280423342916,0.12124442309141159,3.3774112445770808
5.0,13.5,0.6,0.5,122.15656412169548,727.9237851062908,736.2839326271873,1105.4740790179403,0.16908590495586395,3.4834412968203026
5.0,15.25,0.6,0.5,107.02571722568433,645.0739591433863,676.5884183473611,751.5818095970365,0.22240611910820007,3.5697463853982447
5.0,17.0,0.6,0.5,96.31435433045776,564.5960288722143,623.1968800584096,660.8696972630261,0.2750244736671448,3.4696356305781952
8.75,10.0,0.6,0.5,197.72314784247985,1208.3249347369526,1248.5625485748305,1575.0051157384153,0.06423209607601166,2.6923844542947655
8.75,11.75,0.6,0.5,159.72546096562218,1108.210089037786,1125.6973177969576,1504.0364507072447,0.09839852154254913,2.7679937603020828
8.75,13.5,0.6,0.5,137.98142428593007,997.3750243328147,1056.2474815838762,1373.1051615996657,0.13214519619941711,2.9577839746454693
8.75,15.25,0.6,0.5,119.66553256580619,897.7526631874031,992.8533800699894,1062.2828864595438,0.1765679121017456,2.917207009144252
8.75,17.0,0.6,0.5,109.61090402679635,803.2916672305913,920.9409203765767,977.4858133452062,0.21055908501148224,3.0467703572622544
12.5,10.0,0.6,0.5,229.2598444786912,1370.9181509749294,1412.69905878625,1523.8840748654616,0.04796413704752922,2.219175712686361
12.5,11.75,0.6,0.5,206.81224191336503,1230.1487797020227,1323.6222472421969,1472.3825188704577,0.058985356241464615,2.308041234176082
12.5,13.5,0.6,0.5,137.1410982308525,1115.2865766960622,1247.4583364861269,1327.9838659560878,0.13379810750484467,2.8507868081497114
12.5,15.25,0.6,0.5,130.23726383134482,1020.3444412147228,1182.1470678943385,1212.413495211768,0.14888283610343933,2.5936423105735154
12.5,17.0,0.6,0.5,128.45395204194477,927.7067443729577,1081.5513816647772,1091.4753646175268,0.15355785191059113,2.478025422654994
16.25,10.0,0.6,0.5,208.6187413036473,1409.0512769988154,1456.3606782955699,1540.2909363172234,0.05775975063443184,2.426323621165885
16.25,11.75,0.6,0.5,216.2991597260949,1276.5640824926568,1421.4014000080715,1446.7651446111872,0.05399629473686218,2.4990677560551187
16.25,13.5,0.6,0.5,149.84749473190587,1166.3102229641827,1320.6423489573792,1367.3145647858637,0.11213985830545425,2.5558497944039575
16.25,15.25,0.6,0.5,146.42395948895356,1075.5478751273206,1213.4696113943924,1298.280444244802,0.1179969385266304,2.7877786367186386
16.25,17.0,0.6,0.5,110.38631708516438,993.0970181747547,1091.367016726124,1189.1618383240655,0.20685821771621704,2.599781313675899
20.0,10.0,0.6,0.5,344.9427156207413,1411.3440315683679,1445.6418976381615,1630.660666699799,0.021497905254364014,1.5967264229828415
20.0,11.75,0.6,0.5,181.70419357520993,1291.2352204597685,1374.762106226988,1536.936883362298,0.07604318857192993,2.380984868056337
20.0,13.5,0.6,0.5,181.6989408278943,1193.5767235835956,1341.8807224766297,1457.3838588632145,0.07627202570438385,2.4224031471170706
20.0,15.25,0.6,0.5,149.91892280895746,1106.1588953636285,1272.9224128103374,1385.7396508094034,0.11199022084474564,2.635473539246225
20.0,17.0,0.6,0.5,136.7263440570928,1029.0951847429324,1130.402614559027,1301.2376060931451,0.13517116010189056,2.3582548375048127
5.0,10.0,0.6,0.6000000000000001,228.43557446838193,907.2414979175956,1000.5341503063916,1657.4430393142338,0.048318665474653244,2.1569573479933415
5.0,11.75,0.6,0.6000000000000001,184.75372281728255,835.2703521669267,878.2209338808941,1552.6421310214455,0.07393503189086914,2.373302543790852
5.0,13.5,0.6,0.6000000000000001,156.91559392968276,772.3483743750264,778.1842367656756,1233.9171521738017,0.1029626801609993,2.5545155871370433
5.0,15.25,0.6,0.6000000000000001,137.3225291912282,689.0425547037165,719.2713512341548,883.7749426428198,0.1356966495513916,2.562901378308667
5.0,17.0,0.6,0.6000000000000001,123.82734454811525,604.244295614418,663.7211215621072,772.1235751418953,0.1671936810016632,2.504402324207658
8.75,10.0,0.6,0.6000000000000001,249.66688884738502,1280.0075928265821,1320.1420263389532,1658.9981880426024,0.040498822927474976,1.913723430417404
8.75,11.75,0.6,0.6000000000000001,202.68919463477997,1170.2946873433582,1194.285352611005,1577.5592162701269,0.06138930842280387,2.073479635610856
8.75,13.5,0.6,0.6000000000000001,172.64644935577053,1053.7584976672408,1120.9177117586987,1429.9507245173206,0.08480311930179596,2.2343296036179203
8.75,15.25,0.6,0.6000000000000001,150.69163137922916,950.2634419009158,1054.0958728552937,1151.9684026800019,0.11196564882993698,2.114572500151022
8.75,17.0,0.6,0.6000000000000001,136.11936458963305,850.9384585208746,977.9235918762114,1051.8098805377554,0.13720960915088654,2.2547740009109747
12.5,10.0,0.6,0.6000000000000001,277.4347532099447,1457.4851239317948,1504.506171975355,1602.575358308125,0.03290751948952675,1.8292367340589453
12.5,11.75,0.6,0.6000000000000001,237.26399646974795,1305.9428702800165,1409.7709182658002,1539.6632986415032,0.044979702681303024,1.6761815422527615
12.5,13.5,0.6,0.6000000000000001,175.92217135868057,1183.1511854793994,1328.7824618558907,1386.737579984668,0.08172819018363953,2.006214172785682
12.5,15.25,0.6,0.6000000000000001,160.4346439359857,1083.6380855489947,1250.724235541549,1259.6231408692636,0.09858634322881699,2.053716674894089
12.5,17.0,0.6,0.6000000000000001,150.95156463881156,983.8035892242478,1101.729810576338,1160.5998233605696,0.11163658648729324,1.985918164784099
16.25,10.0,0.6,0.6000000000000001,264.33639354528265,1501.8363254850237,1528.0316802993264,1644.801942127362,0.03618684411048889,1.7991791875558705
16.25,11.75,0.6,0.6000000000000001,250.43970570907783,1359.2112864796345,1482.1857611588468,1544.9043129091601,0.04042670130729675,1.8217029894516708
16.25,13.5,0.6,0.6000000000000001,187.689801032489,1239.4764020397818,1370.1316518710482,1459.100364212797,0.07184240967035294,1.9429461854587318
16.25,15.25,0.6,0.6000000000000001,175.11296348070644,1143.9565471348646,1249.3044864409396,1385.112308230121,0.08287988603115082,2.008469130597551
16.25,17.0,0.6,0.6000000000000001,142.03287804508676,1053.5878403664633,1111.9580145567086,1254.0685899242128,0.12559197843074799,1.9179719460763405
20.0,10.0,0.6,0.6000000000000001,375.85364590663016,1506.4045390784959,1507.6666466716893,1744.1052925389913,0.01816681958734989,1.3467854765206306
20.0,11.75,0.6,0.6000000000000001,227.59666489113317,1379.3337178827076,1435.3049614823346,1646.2030111022848,0.04869247227907181,1.814737713907027
20.0,13.5,0.6,0.6000000000000001,221.68867325593703,1273.5283419787613,1386.6964125108545,1558.5323732317765,0.0514845997095108,1.6245922098192802
20.0,15.25,0.6,0.6000000000000001,177.4388213221707,1177.546127300498,1304.1117208522758,1479.4856782375964,0.08026430755853653,1.8994201752441848
20.0,17.0,0.6,0.6000000000000001,164.124417573353,1093.1986044990279,1150.0372658238027,1385.3893440312106,0.09405727684497833,1.8481585037180133
5.0,10.0,0.6,0.7000000000000001,278.51483664821393,947.0168157844171,1041.6333130387002,1728.6141081733685,0.03269296512007713,1.6917817348207242
5.0,11.75,0.6,0.7000000000000001,225.6982129228337,874.2047347549819,915.6046150690491,1616.9306075887896,0.04980403929948807,1.8523848819931976
5.0,13.5,0.6,0.7000000000000001,191.93763093338723,811.6929043583034,814.3367448047254,1350.2615497546058,0.06914342939853668,1.9978165680387276
5.0,15.25,0.6,0.7000000000000001,168.90086594917548,723.9700109320336,756.3244502577337,1019.9303888980991,0.09005779772996902,1.9136598869739967
5.0,17.0,0.6,0.7000000000000001,151.99757159855523,635.0104503330891,697.389598049018,883.70830503381,0.11142981052398682,1.970275491737838
8.75,10.0,0.6,0.7000000000000001,304.8656841252817,1342.110906476951,1380.7120578134313,1732.0618855375362,0.02735251560807228,1.40786942871275
8.75,11.75,0.6,0.7000000000000001,246.4983747477265,1223.954775650145,1253.3402659117667,1641.8086952550411,0.04173107072710991,1.573058991423744
8.75,13.5,0.6,0.7000000000000001,210.41740964041844,1103.4477370335724,1179.2096586929279,1485.1412966890089,0.05739540979266167,1.7875834166235478
8.75,15.25,0.6,0.7000000000000001,184.5495001579364,996.2817492873103,1108.667404815904,1243.1572685434157,0.07509681582450867,1.733041042452805
8.75,17.0,0.6,0.7000000000000001,165.94372325659228,893.8257795285074,1029.2114135819543,1110.6302467394275,0.09279857575893402,1.6939730391476049
12.5,10.0,0.6,0.7000000000000001,330.0252223158838,1530.22312968624,1582.03496984763,1671.6019494328875,0.023414237424731255,1.380275135865525
12.5,11.75,0.6,0.7000000000000001,279.9999559240229,1373.264556156307,1485.7440426852907,1602.8932433325197,0.03246377408504486,1.435056432578509
12.5,13.5,0.6,0.7000000000000001,216.45238146732945,1242.6497257892972,1400.0670241882744,1442.38686016987,0.054287318140268326,1.491764413180325
12.5,15.25,0.6,0.7000000000000001,193.91768830330065,1137.4295236918365,1282.1132678331962,1325.2902532226333,0.06787919253110886,1.52266481635556
12.5,17.0,0.6,0.7000000000000001,178.72434606218553,1034.1456344332596,1123.8377077504288,1229.846389211267,0.0799492597579956,1.609501061504163
16.25,10.0,0.6,0.7000000000000001,323.93670079312335,1583.4971643565332,1594.5049339864731,1737.4404110208138,0.024271292611956596,1.3469976385363438
16.25,11.75,0.6,0.7000000000000001,289.5588961244405,1434.1780298478136,1541.055619731898,1632.3930031100315,0.030383775010704994,1.3053952082690106
16.25,13.5,0.6,0.7000000000000001,226.15058765226195,1306.6890024925563,1421.089352159152,1540.8406696009663,0.04974095895886421,1.5425048416212657
16.25,15.25,0.6,0.7000000000000001,206.54588056168848,1204.1120602835647,1286.5160361113972,1460.767921672761,0.059837035834789276,1.425219997143308
16.25,17.0,0.6,0.7000000000000001,173.58059413171844,1106.1813422558362,1127.0071259896836,1321.031483052995,0.08454056829214096,1.5425772458151068
20.0,10.0,0.6,0.7000000000000001,420.2691523023502,1564.6331288997505,1590.8636994738022,1845.6012376080091,0.014622033573687077,1.2156030359875964
20.0,11.75,0.6,0.7000000000000001,276.2636697749704,1456.5291068198303,1487.390740941391,1742.0538175137556,0.03322954103350639,1.3196398969265681
20.0,13.5,0.6,0.7000000000000001,253.69818090997742,1343.2212148673339,1429.0091946653974,1648.6759196153703,0.03947494924068451,1.3531086924004025
20.0,15.25,0.6,0.7000000000000001,212.09754169412244,1240.2744625077737,1328.6377083305931,1561.8803122755742,0.05646349862217903,1.4740004763438164
20.0,17.0,0.6,0.7000000000000001,191.6565012794957,1148.5275060502665,1161.3492294963355,1456.8668031888587,0.06921558082103729,1.3605625069468983
5.0,10.0,0.6,0.8,309.4311988164357,807.5220356652532,871.6170316932729,913.629963550638,0.03002348355948925,1.3443264127171857
5.0,11.75,0.6,0.8,259.558169856986,800.5254166514429,820.5136965993146,868.1205447497714,0.04086475074291229,1.4716740034602727
5.0,13.5,0.6,0.8,223.84532325431377,759.2339154398494,779.03831352839,874.3640649028584,0.053460493683815,1.4648688861989205
5.0,15.25,0.6,0.8,198.32654040151218,710.5776383922004,748.3367264412796,925.7338285886183,0.06674423813819885,1.6089273040011136
5.0,17.0,0.6,0.8,181.91258048922705,663.087583480292,729.0001484414965,999.4706220188641,0.07807851582765579,1.5415906737819756
8.75,10.0,0.6,0.8,354.40754235670744,1009.9832621680139,1167.562542891063,1189.375680361299,0.022500772029161453,1.1078319972741841
8.75,11.75,0.6,0.8,285.75238858490275,1022.5267505609793,1113.6143936177261,1147.994867474609,0.03311185538768768,1.3425515870676468
8.75,13.5,0.6,0.8,244.48555784903604,1013.9823493617141,1099.4001838891356,1112.5643203072525,0.04419077932834625,1.3588186573829173
8.75,15.25,0.6,0.8,218.89634229708943,978.2810739432305,1088.9769706203401,1174.8403390688145,0.05423567816615105,1.3424770355302988
8.75,17.0,0.6,0.8,197.82308454317123,933.7077537406063,1076.6866954752716,1139.2225801380391,0.06553401052951813,1.3337132237082994
12.5,10.0,0.6,0.8,372.2213312394296,1121.8122939315997,1232.38038384455,1296.6662486250061,0.020176276564598083,0.9599817514165689
12.5,11.75,0.6,0.8,309.9711207910169,1139.7025253267516,1223.7757948126234,1249.2292365582355,0.028057245537638664,1.1086934486786724
12.5,13.5,0.6,0.8,270.7584601787883,1149.4282329071968,1218.328617566244,1244.899695176277,0.035997144877910614,1.1489199320521088
12.5,15.25,0.6,0.8,231.23099916074023,1122.234301609463,1206.4866786085156,1299.2493822535293,0.04847155511379242,1.2406833513865576
12.5,17.0,0.6,0.8,209.7054715083492,1085.3520686057327,1161.0709678792127,1290.124003097055,0.05815190449357033,1.1962750793177614
16.25,10.0,0.6,0.8,387.3741063824054,1155.4413047719975,1224.3459021615631,1344.0573182939654,0.01870480179786682,0.881825625258898
16.25,11.75,0.6,0.8,319.6614182533295,1176.5805619421744,1216.0894918573729,1297.9781934022249,0.026417648419737816,1.1112783977587288
16.25,13.5,0.6,0.8,278.95106597926895,1200.4351524911522,1210.5226740761989,1281.436633231158,0.03393757343292236,1.2217289194981567
16.25,15.25,0.6,0.8,244.50661594252222,1188.738443550696,1200.2190818671124,1354.9374057628177,0.04343494772911072,1.2208318275468022
16.25,17.0,0.6,0.8,208.6552676838671,1154.7103294839121,1161.4010146085966,1423.5134693217149,0.05867045372724533,1.1939456160940525
20.0,10.0,0.6,0.8,446.88671560436876,1282.8445650912597,1343.3412706352883,1424.6045806689908,0.013986293226480484,0.8661641587055259
20.0,11.75,0.6,0.8,369.935200079198,1268.8813320932436,1310.717967557921,1439.7785987306656,0.01964283175766468,1.0048726483654586
20.0,13.5,0.6,0.8,342.2313335708677,1260.9926434764566,1273.0182739631086,1510.9796631415238,0.022600743919610977,0.8503899854042457
20.0,15.25,0.6,0.8,260.8516662130836,1238.4801408828444,1246.13848075733,1536.57957782166,0.03791084513068199,1.2109254723276506
20.0,17.0,0.6,0.8,219.25147246168044,1186.2830083256165,1210.8645907729203,1531.9826263298248,0.05292466655373573,1.1082412868856664
